拟合收盘,当前状态,下一日状态,发生次数,当前状态总次数
2014-12-31,0,0,92,118
2014-12-31,0,1,21,118
2014-12-31,0,2,2,118
2014-12-31,0,3,3,118
2014-12-31,1,0,17,101
2014-12-31,1,1,80,101
2014-12-31,1,2,0,101
2014-12-31,1,3,4,101
2014-12-31,2,0,4,98
2014-12-31,2,1,0,98
2014-12-31,2,2,70,98
2014-12-31,2,3,24,98
2014-12-31,3,0,4,187
2014-12-31,3,1,0,187
2014-12-31,3,2,26,187
2014-12-31,3,3,157,187
2015-01-05,0,0,91,117
2015-01-05,0,1,21,117
2015-01-05,0,2,2,117
2015-01-05,0,3,3,117
2015-01-05,1,0,17,101
2015-01-05,1,1,80,101
2015-01-05,1,2,0,101
2015-01-05,1,3,4,101
2015-01-05,2,0,4,98
2015-01-05,2,1,0,98
2015-01-05,2,2,70,98
2015-01-05,2,3,24,98
2015-01-05,3,0,4,188
2015-01-05,3,1,0,188
2015-01-05,3,2,26,188
2015-01-05,3,3,158,188
2015-02-02,0,0,90,115
2015-02-02,0,1,20,115
2015-02-02,0,2,2,115
2015-02-02,0,3,3,115
2015-02-02,1,0,17,94
2015-02-02,1,1,74,94
2015-02-02,1,2,0,94
2015-02-02,1,3,3,94
2015-02-02,2,0,4,109
2015-02-02,2,1,0,109
2015-02-02,2,2,78,109
2015-02-02,2,3,27,109
2015-02-02,3,0,4,186
2015-02-02,3,1,0,186
2015-02-02,3,2,30,186
2015-02-02,3,3,152,186
2015-03-02,0,0,90,115
2015-03-02,0,1,20,115
2015-03-02,0,2,2,115
2015-03-02,0,3,3,115
2015-03-02,1,0,17,94
2015-03-02,1,1,74,94
2015-03-02,1,2,0,94
2015-03-02,1,3,3,94
2015-03-02,2,0,4,115
2015-03-02,2,1,0,115
2015-03-02,2,2,84,115
2015-03-02,2,3,27,115
2015-03-02,3,0,4,180
2015-03-02,3,1,0,180
2015-03-02,3,2,29,180
2015-03-02,3,3,147,180
2015-04-01,0,0,90,115
2015-04-01,0,1,20,115
2015-04-01,0,2,2,115
2015-04-01,0,3,3,115
2015-04-01,1,0,17,94
2015-04-01,1,1,74,94
2015-04-01,1,2,0,94
2015-04-01,1,3,3,94
2015-04-01,2,0,4,111
2015-04-01,2,1,0,111
2015-04-01,2,2,79,111
2015-04-01,2,3,28,111
2015-04-01,3,0,4,184
2015-04-01,3,1,0,184
2015-04-01,3,2,29,184
2015-04-01,3,3,151,184
2015-05-04,0,0,90,115
2015-05-04,0,1,20,115
2015-05-04,0,2,2,115
2015-05-04,0,3,3,115
2015-05-04,1,0,17,94
2015-05-04,1,1,74,94
2015-05-04,1,2,0,94
2015-05-04,1,3,3,94
2015-05-04,2,0,4,98
2015-05-04,2,1,0,98
2015-05-04,2,2,69,98
2015-05-04,2,3,25,98
2015-05-04,3,0,4,197
2015-05-04,3,1,0,197
2015-05-04,3,2,26,197
2015-05-04,3,3,167,197
2015-06-01,0,0,89,111
2015-06-01,0,1,20,111
2015-06-01,0,2,1,111
2015-06-01,0,3,1,111
2015-06-01,1,0,17,94
2015-06-01,1,1,74,94
2015-06-01,1,2,0,94
2015-06-01,1,3,3,94
2015-06-01,2,0,3,98
2015-06-01,2,1,0,98
2015-06-01,2,2,70,98
2015-06-01,2,3,25,98
2015-06-01,3,0,2,201
2015-06-01,3,1,0,201
2015-06-01,3,2,28,201
2015-06-01,3,3,171,201
2015-07-01,0,0,89,111
2015-07-01,0,1,20,111
2015-07-01,0,2,1,111
2015-07-01,0,3,1,111
2015-07-01,1,0,17,94
2015-07-01,1,1,74,94
2015-07-01,1,2,0,94
2015-07-01,1,3,3,94
2015-07-01,2,0,3,108
2015-07-01,2,1,0,108
2015-07-01,2,2,81,108
2015-07-01,2,3,24,108
2015-07-01,3,0,2,191
2015-07-01,3,1,0,191
2015-07-01,3,2,26,191
2015-07-01,3,3,163,191
2015-08-03,0,0,85,108
2015-08-03,0,1,21,108
2015-08-03,0,2,1,108
2015-08-03,0,3,1,108
2015-08-03,1,0,18,96
2015-08-03,1,1,73,96
2015-08-03,1,2,0,96
2015-08-03,1,3,5,96
2015-08-03,2,0,3,107
2015-08-03,2,1,0,107
2015-08-03,2,2,80,107
2015-08-03,2,3,24,107
2015-08-03,3,0,2,193
2015-08-03,3,1,2,193
2015-08-03,3,2,26,193
2015-08-03,3,3,163,193
2015-09-01,0,0,87,110
2015-09-01,0,1,21,110
2015-09-01,0,2,1,110
2015-09-01,0,3,1,110
2015-09-01,1,0,18,94
2015-09-01,1,1,71,94
2015-09-01,1,2,0,94
2015-09-01,1,3,5,94
2015-09-01,2,0,3,107
2015-09-01,2,1,0,107
2015-09-01,2,2,80,107
2015-09-01,2,3,24,107
2015-09-01,3,0,2,193
2015-09-01,3,1,2,193
2015-09-01,3,2,26,193
2015-09-01,3,3,163,193
2015-10-08,0,0,90,116
2015-10-08,0,1,24,116
2015-10-08,0,2,1,116
2015-10-08,0,3,1,116
2015-10-08,1,0,21,88
2015-10-08,1,1,62,88
2015-10-08,1,2,0,88
2015-10-08,1,3,5,88
2015-10-08,2,0,3,107
2015-10-08,2,1,0,107
2015-10-08,2,2,80,107
2015-10-08,2,3,24,107
2015-10-08,3,0,2,193
2015-10-08,3,1,2,193
2015-10-08,3,2,26,193
2015-10-08,3,3,163,193
2015-11-02,0,0,91,117
2015-11-02,0,1,24,117
2015-11-02,0,2,1,117
2015-11-02,0,3,1,117
2015-11-02,1,0,22,103
2015-11-02,1,1,77,103
2015-11-02,1,2,0,103
2015-11-02,1,3,4,103
2015-11-02,2,0,3,99
2015-11-02,2,1,0,99
2015-11-02,2,2,73,99
2015-11-02,2,3,23,99
2015-11-02,3,0,2,185
2015-11-02,3,1,2,185
2015-11-02,3,2,25,185
2015-11-02,3,3,156,185
2015-12-01,0,0,97,125
2015-12-01,0,1,27,125
2015-12-01,0,2,0,125
2015-12-01,0,3,1,125
2015-12-01,1,0,25,112
2015-12-01,1,1,83,112
2015-12-01,1,2,0,112
2015-12-01,1,3,4,112
2015-12-01,2,0,2,90
2015-12-01,2,1,0,90
2015-12-01,2,2,67,90
2015-12-01,2,3,21,90
2015-12-01,3,0,1,177
2015-12-01,3,1,2,177
2015-12-01,3,2,23,177
2015-12-01,3,3,151,177
2016-01-04,0,0,97,126
2016-01-04,0,1,27,126
2016-01-04,0,2,0,126
2016-01-04,0,3,2,126
2016-01-04,1,0,26,116
2016-01-04,1,1,86,116
2016-01-04,1,2,0,116
2016-01-04,1,3,4,116
2016-01-04,2,0,3,91
2016-01-04,2,1,0,91
2016-01-04,2,2,68,91
2016-01-04,2,3,20,91
2016-01-04,3,0,1,171
2016-01-04,3,1,3,171
2016-01-04,3,2,22,171
2016-01-04,3,3,145,171
2016-02-01,0,0,106,135
2016-02-01,0,1,27,135
2016-02-01,0,2,0,135
2016-02-01,0,3,2,135
2016-02-01,1,0,26,113
2016-02-01,1,1,83,113
2016-02-01,1,2,0,113
2016-02-01,1,3,4,113
2016-02-01,2,0,2,85
2016-02-01,2,1,0,85
2016-02-01,2,2,63,85
2016-02-01,2,3,20,85
2016-02-01,3,0,1,171
2016-02-01,3,1,3,171
2016-02-01,3,2,22,171
2016-02-01,3,3,145,171
2016-03-01,0,0,99,128
2016-03-01,0,1,27,128
2016-03-01,0,2,0,128
2016-03-01,0,3,2,128
2016-03-01,1,0,26,120
2016-03-01,1,1,90,120
2016-03-01,1,2,0,120
2016-03-01,1,3,4,120
2016-03-01,2,0,2,85
2016-03-01,2,1,0,85
2016-03-01,2,2,63,85
2016-03-01,2,3,20,85
2016-03-01,3,0,1,171
2016-03-01,3,1,3,171
2016-03-01,3,2,22,171
2016-03-01,3,3,145,171
2016-04-01,0,0,97,126
2016-04-01,0,1,27,126
2016-04-01,0,2,0,126
2016-04-01,0,3,2,126
2016-04-01,1,0,25,122
2016-04-01,1,1,93,122
2016-04-01,1,2,0,122
2016-04-01,1,3,4,122
2016-04-01,2,0,2,85
2016-04-01,2,1,0,85
2016-04-01,2,2,63,85
2016-04-01,2,3,20,85
2016-04-01,3,0,1,171
2016-04-01,3,1,3,171
2016-04-01,3,2,22,171
2016-04-01,3,3,145,171
2016-05-03,0,0,101,130
2016-05-03,0,1,27,130
2016-05-03,0,2,0,130
2016-05-03,0,3,2,130
2016-05-03,1,0,26,118
2016-05-03,1,1,88,118
2016-05-03,1,2,0,118
2016-05-03,1,3,4,118
2016-05-03,2,0,2,85
2016-05-03,2,1,0,85
2016-05-03,2,2,63,85
2016-05-03,2,3,20,85
2016-05-03,3,0,1,171
2016-05-03,3,1,3,171
2016-05-03,3,2,22,171
2016-05-03,3,3,145,171
2016-06-01,0,0,96,127
2016-06-01,0,1,29,127
2016-06-01,0,2,0,127
2016-06-01,0,3,2,127
2016-06-01,1,0,28,121
2016-06-01,1,1,89,121
2016-06-01,1,2,0,121
2016-06-01,1,3,4,121
2016-06-01,2,0,2,85
2016-06-01,2,1,0,85
2016-06-01,2,2,63,85
2016-06-01,2,3,20,85
2016-06-01,3,0,1,171
2016-06-01,3,1,3,171
2016-06-01,3,2,22,171
2016-06-01,3,3,145,171
2016-07-01,0,0,93,124
2016-07-01,0,1,29,124
2016-07-01,0,2,0,124
2016-07-01,0,3,2,124
2016-07-01,1,0,28,121
2016-07-01,1,1,88,121
2016-07-01,1,2,0,121
2016-07-01,1,3,5,121
2016-07-01,2,0,2,85
2016-07-01,2,1,0,85
2016-07-01,2,2,63,85
2016-07-01,2,3,20,85
2016-07-01,3,0,1,174
2016-07-01,3,1,3,174
2016-07-01,3,2,22,174
2016-07-01,3,3,148,174
2016-08-01,0,0,88,118
2016-08-01,0,1,28,118
2016-08-01,0,2,0,118
2016-08-01,0,3,2,118
2016-08-01,1,0,27,111
2016-08-01,1,1,80,111
2016-08-01,1,2,0,111
2016-08-01,1,3,4,111
2016-08-01,2,0,2,93
2016-08-01,2,1,0,93
2016-08-01,2,2,70,93
2016-08-01,2,3,21,93
2016-08-01,3,0,0,182
2016-08-01,3,1,3,182
2016-08-01,3,2,24,182
2016-08-01,3,3,155,182
2016-09-01,0,0,87,116
2016-09-01,0,1,28,116
2016-09-01,0,2,0,116
2016-09-01,0,3,1,116
2016-09-01,1,0,27,111
2016-09-01,1,1,80,111
2016-09-01,1,2,0,111
2016-09-01,1,3,4,111
2016-09-01,2,0,2,101
2016-09-01,2,1,0,101
2016-09-01,2,2,78,101
2016-09-01,2,3,21,101
2016-09-01,3,0,0,176
2016-09-01,3,1,3,176
2016-09-01,3,2,23,176
2016-09-01,3,3,150,176
2016-10-10,0,0,87,116
2016-10-10,0,1,28,116
2016-10-10,0,2,0,116
2016-10-10,0,3,1,116
2016-10-10,1,0,27,111
2016-10-10,1,1,80,111
2016-10-10,1,2,0,111
2016-10-10,1,3,4,111
2016-10-10,2,0,2,106
2016-10-10,2,1,0,106
2016-10-10,2,2,82,106
2016-10-10,2,3,22,106
2016-10-10,3,0,0,171
2016-10-10,3,1,3,171
2016-10-10,3,2,24,171
2016-10-10,3,3,144,171
2016-11-01,0,0,87,116
2016-11-01,0,1,28,116
2016-11-01,0,2,0,116
2016-11-01,0,3,1,116
2016-11-01,1,0,27,111
2016-11-01,1,1,80,111
2016-11-01,1,2,0,111
2016-11-01,1,3,4,111
2016-11-01,2,0,2,102
2016-11-01,2,1,0,102
2016-11-01,2,2,78,102
2016-11-01,2,3,22,102
2016-11-01,3,0,0,175
2016-11-01,3,1,3,175
2016-11-01,3,2,25,175
2016-11-01,3,3,147,175
2016-12-01,0,0,87,116
2016-12-01,0,1,28,116
2016-12-01,0,2,0,116
2016-12-01,0,3,1,116
2016-12-01,1,0,27,111
2016-12-01,1,1,80,111
2016-12-01,1,2,0,111
2016-12-01,1,3,4,111
2016-12-01,2,0,2,93
2016-12-01,2,1,0,93
2016-12-01,2,2,69,93
2016-12-01,2,3,22,93
2016-12-01,3,0,0,184
2016-12-01,3,1,3,184
2016-12-01,3,2,24,184
2016-12-01,3,3,157,184
2017-01-03,0,0,90,122
2017-01-03,0,1,29,122
2017-01-03,0,2,1,122
2017-01-03,0,3,2,122
2017-01-03,1,0,28,112
2017-01-03,1,1,80,112
2017-01-03,1,2,0,112
2017-01-03,1,3,4,112
2017-01-03,2,0,4,102
2017-01-03,2,1,0,102
2017-01-03,2,2,77,102
2017-01-03,2,3,21,102
2017-01-03,3,0,0,168
2017-01-03,3,1,3,168
2017-01-03,3,2,24,168
2017-01-03,3,3,141,168
2017-02-03,0,0,94,127
2017-02-03,0,1,29,127
2017-02-03,0,2,1,127
2017-02-03,0,3,3,127
2017-02-03,1,0,28,113
2017-02-03,1,1,80,113
2017-02-03,1,2,0,113
2017-02-03,1,3,5,113
2017-02-03,2,0,4,99
2017-02-03,2,1,0,99
2017-02-03,2,2,76,99
2017-02-03,2,3,19,99
2017-02-03,3,0,1,165
2017-02-03,3,1,4,165
2017-02-03,3,2,22,165
2017-02-03,3,3,138,165
2017-03-01,0,0,94,127
2017-03-01,0,1,29,127
2017-03-01,0,2,1,127
2017-03-01,0,3,3,127
2017-03-01,1,0,28,113
2017-03-01,1,1,80,113
2017-03-01,1,2,0,113
2017-03-01,1,3,5,113
2017-03-01,2,0,4,91
2017-03-01,2,1,0,91
2017-03-01,2,2,70,91
2017-03-01,2,3,17,91
2017-03-01,3,0,1,173
2017-03-01,3,1,4,173
2017-03-01,3,2,20,173
2017-03-01,3,3,148,173
2017-04-05,0,0,94,127
2017-04-05,0,1,29,127
2017-04-05,0,2,1,127
2017-04-05,0,3,3,127
2017-04-05,1,0,28,113
2017-04-05,1,1,80,113
2017-04-05,1,2,0,113
2017-04-05,1,3,5,113
2017-04-05,2,0,4,89
2017-04-05,2,1,0,89
2017-04-05,2,2,67,89
2017-04-05,2,3,18,89
2017-04-05,3,0,1,175
2017-04-05,3,1,4,175
2017-04-05,3,2,21,175
2017-04-05,3,3,149,175
2017-05-02,0,0,94,127
2017-05-02,0,1,29,127
2017-05-02,0,2,1,127
2017-05-02,0,3,3,127
2017-05-02,1,0,28,113
2017-05-02,1,1,80,113
2017-05-02,1,2,0,113
2017-05-02,1,3,5,113
2017-05-02,2,0,4,100
2017-05-02,2,1,0,100
2017-05-02,2,2,75,100
2017-05-02,2,3,21,100
2017-05-02,3,0,1,164
2017-05-02,3,1,4,164
2017-05-02,3,2,24,164
2017-05-02,3,3,135,164
2017-06-01,0,0,100,134
2017-06-01,0,1,30,134
2017-06-01,0,2,1,134
2017-06-01,0,3,3,134
2017-06-01,1,0,28,119
2017-06-01,1,1,84,119
2017-06-01,1,2,1,119
2017-06-01,1,3,6,119
2017-06-01,2,0,4,99
2017-06-01,2,1,0,99
2017-06-01,2,2,73,99
2017-06-01,2,3,22,99
2017-06-01,3,0,2,152
2017-06-01,3,1,5,152
2017-06-01,3,2,23,152
2017-06-01,3,3,122,152
2017-07-03,0,0,100,134
2017-07-03,0,1,30,134
2017-07-03,0,2,1,134
2017-07-03,0,3,3,134
2017-07-03,1,0,28,119
2017-07-03,1,1,84,119
2017-07-03,1,2,1,119
2017-07-03,1,3,6,119
2017-07-03,2,0,4,94
2017-07-03,2,1,0,94
2017-07-03,2,2,69,94
2017-07-03,2,3,21,94
2017-07-03,3,0,2,157
2017-07-03,3,1,5,157
2017-07-03,3,2,24,157
2017-07-03,3,3,126,157
2017-08-01,0,0,96,130
2017-08-01,0,1,30,130
2017-08-01,0,2,1,130
2017-08-01,0,3,3,130
2017-08-01,1,0,28,119
2017-08-01,1,1,84,119
2017-08-01,1,2,1,119
2017-08-01,1,3,6,119
2017-08-01,2,0,3,91
2017-08-01,2,1,0,91
2017-08-01,2,2,63,91
2017-08-01,2,3,25,91
2017-08-01,3,0,2,164
2017-08-01,3,1,5,164
2017-08-01,3,2,26,164
2017-08-01,3,3,131,164
2017-09-01,0,0,91,121
2017-09-01,0,1,26,121
2017-09-01,0,2,1,121
2017-09-01,0,3,3,121
2017-09-01,1,0,25,107
2017-09-01,1,1,77,107
2017-09-01,1,2,1,107
2017-09-01,1,3,4,107
2017-09-01,2,0,3,100
2017-09-01,2,1,0,100
2017-09-01,2,2,71,100
2017-09-01,2,3,26,100
2017-09-01,3,0,2,176
2017-09-01,3,1,3,176
2017-09-01,3,2,27,176
2017-09-01,3,3,144,176
2017-10-09,0,0,82,110
2017-10-09,0,1,24,110
2017-10-09,0,2,1,110
2017-10-09,0,3,3,110
2017-10-09,1,0,22,97
2017-10-09,1,1,70,97
2017-10-09,1,2,1,97
2017-10-09,1,3,4,97
2017-10-09,2,0,3,110
2017-10-09,2,1,0,110
2017-10-09,2,2,78,110
2017-10-09,2,3,29,110
2017-10-09,3,0,2,187
2017-10-09,3,1,3,187
2017-10-09,3,2,30,187
2017-10-09,3,3,152,187
2017-11-01,0,0,75,99
2017-11-01,0,1,20,99
2017-11-01,0,2,1,99
2017-11-01,0,3,3,99
2017-11-01,1,0,19,91
2017-11-01,1,1,67,91
2017-11-01,1,2,1,91
2017-11-01,1,3,4,91
2017-11-01,2,0,3,111
2017-11-01,2,1,0,111
2017-11-01,2,2,78,111
2017-11-01,2,3,30,111
2017-11-01,3,0,2,203
2017-11-01,3,1,3,203
2017-11-01,3,2,31,203
2017-11-01,3,3,167,203
2017-12-01,0,0,73,96
2017-12-01,0,1,19,96
2017-12-01,0,2,1,96
2017-12-01,0,3,3,96
2017-12-01,1,0,18,72
2017-12-01,1,1,49,72
2017-12-01,1,2,1,72
2017-12-01,1,3,4,72
2017-12-01,2,0,3,120
2017-12-01,2,1,0,120
2017-12-01,2,2,85,120
2017-12-01,2,3,32,120
2017-12-01,3,0,2,216
2017-12-01,3,1,3,216
2017-12-01,3,2,34,216
2017-12-01,3,3,177,216
2018-01-02,0,0,62,82
2018-01-02,0,1,16,82
2018-01-02,0,2,1,82
2018-01-02,0,3,3,82
2018-01-02,1,0,14,65
2018-01-02,1,1,46,65
2018-01-02,1,2,1,65
2018-01-02,1,3,4,65
2018-01-02,2,0,3,132
2018-01-02,2,1,0,132
2018-01-02,2,2,92,132
2018-01-02,2,3,37,132
2018-01-02,3,0,2,225
2018-01-02,3,1,3,225
2018-01-02,3,2,38,225
2018-01-02,3,3,182,225
2018-02-01,0,0,55,74
2018-02-01,0,1,16,74
2018-02-01,0,2,1,74
2018-02-01,0,3,2,74
2018-02-01,1,0,14,63
2018-02-01,1,1,45,63
2018-02-01,1,2,1,63
2018-02-01,1,3,3,63
2018-02-01,2,0,2,131
2018-02-01,2,1,0,131
2018-02-01,2,2,92,131
2018-02-01,2,3,37,131
2018-02-01,3,0,2,236
2018-02-01,3,1,2,236
2018-02-01,3,2,38,236
2018-02-01,3,3,194,236
2018-03-01,0,0,48,66
2018-03-01,0,1,14,66
2018-03-01,0,2,1,66
2018-03-01,0,3,3,66
2018-03-01,1,0,13,62
2018-03-01,1,1,44,62
2018-03-01,1,2,1,62
2018-03-01,1,3,4,62
2018-03-01,2,0,3,136
2018-03-01,2,1,0,136
2018-03-01,2,2,96,136
2018-03-01,2,3,37,136
2018-03-01,3,0,2,240
2018-03-01,3,1,3,240
2018-03-01,3,2,38,240
2018-03-01,3,3,197,240
2018-04-02,0,0,50,70
2018-04-02,0,1,14,70
2018-04-02,0,2,2,70
2018-04-02,0,3,4,70
2018-04-02,1,0,11,48
2018-04-02,1,1,31,48
2018-04-02,1,2,1,48
2018-04-02,1,3,5,48
2018-04-02,2,0,4,138
2018-04-02,2,1,0,138
2018-04-02,2,2,97,138
2018-04-02,2,3,37,138
2018-04-02,3,0,4,248
2018-04-02,3,1,4,248
2018-04-02,3,2,38,248
2018-04-02,3,3,202,248
2018-05-02,0,0,50,72
2018-05-02,0,1,16,72
2018-05-02,0,2,2,72
2018-05-02,0,3,4,72
2018-05-02,1,0,15,46
2018-05-02,1,1,25,46
2018-05-02,1,2,1,46
2018-05-02,1,3,5,46
2018-05-02,2,0,4,138
2018-05-02,2,1,0,138
2018-05-02,2,2,97,138
2018-05-02,2,3,37,138
2018-05-02,3,0,4,248
2018-05-02,3,1,4,248
2018-05-02,3,2,38,248
2018-05-02,3,3,202,248
2018-06-01,0,0,51,72
2018-06-01,0,1,15,72
2018-06-01,0,2,2,72
2018-06-01,0,3,4,72
2018-06-01,1,0,13,46
2018-06-01,1,1,27,46
2018-06-01,1,2,1,46
2018-06-01,1,3,5,46
2018-06-01,2,0,4,138
2018-06-01,2,1,0,138
2018-06-01,2,2,97,138
2018-06-01,2,3,37,138
2018-06-01,3,0,4,248
2018-06-01,3,1,4,248
2018-06-01,3,2,38,248
2018-06-01,3,3,202,248
2018-07-02,0,0,58,76
2018-07-02,0,1,12,76
2018-07-02,0,2,2,76
2018-07-02,0,3,4,76
2018-07-02,1,0,11,42
2018-07-02,1,1,25,42
2018-07-02,1,2,1,42
2018-07-02,1,3,5,42
2018-07-02,2,0,4,138
2018-07-02,2,1,0,138
2018-07-02,2,2,97,138
2018-07-02,2,3,37,138
2018-07-02,3,0,4,248
2018-07-02,3,1,4,248
2018-07-02,3,2,38,248
2018-07-02,3,3,202,248
2018-08-01,0,0,60,79
2018-08-01,0,1,13,79
2018-08-01,0,2,2,79
2018-08-01,0,3,4,79
2018-08-01,1,0,12,47
2018-08-01,1,1,30,47
2018-08-01,1,2,1,47
2018-08-01,1,3,4,47
2018-08-01,2,0,4,138
2018-08-01,2,1,0,138
2018-08-01,2,2,97,138
2018-08-01,2,3,37,138
2018-08-01,3,0,4,240
2018-08-01,3,1,4,240
2018-08-01,3,2,38,240
2018-08-01,3,3,194,240
2018-09-03,0,0,69,90
2018-09-03,0,1,15,90
2018-09-03,0,2,2,90
2018-09-03,0,3,4,90
2018-09-03,1,0,14,59
2018-09-03,1,1,40,59
2018-09-03,1,2,1,59
2018-09-03,1,3,4,59
2018-09-03,2,0,4,126
2018-09-03,2,1,0,126
2018-09-03,2,2,87,126
2018-09-03,2,3,35,126
2018-09-03,3,0,4,229
2018-09-03,3,1,4,229
2018-09-03,3,2,36,229
2018-09-03,3,3,185,229
2018-10-08,0,0,79,101
2018-10-08,0,1,16,101
2018-10-08,0,2,2,101
2018-10-08,0,3,4,101
2018-10-08,1,0,15,67
2018-10-08,1,1,47,67
2018-10-08,1,2,1,67
2018-10-08,1,3,4,67
2018-10-08,2,0,4,118
2018-10-08,2,1,0,118
2018-10-08,2,2,81,118
2018-10-08,2,3,33,118
2018-10-08,3,0,4,218
2018-10-08,3,1,4,218
2018-10-08,3,2,34,218
2018-10-08,3,3,176,218
2018-11-01,0,0,91,114
2018-11-01,0,1,17,114
2018-11-01,0,2,2,114
2018-11-01,0,3,4,114
2018-11-01,1,0,16,72
2018-11-01,1,1,51,72
2018-11-01,1,2,1,72
2018-11-01,1,3,4,72
2018-11-01,2,0,4,108
2018-11-01,2,1,0,108
2018-11-01,2,2,73,108
2018-11-01,2,3,31,108
2018-11-01,3,0,4,210
2018-11-01,3,1,4,210
2018-11-01,3,2,32,210
2018-11-01,3,3,170,210
2018-12-03,0,0,99,126
2018-12-03,0,1,21,126
2018-12-03,0,2,2,126
2018-12-03,0,3,4,126
2018-12-03,1,0,19,82
2018-12-03,1,1,58,82
2018-12-03,1,2,1,82
2018-12-03,1,3,4,82
2018-12-03,2,0,4,104
2018-12-03,2,1,0,104
2018-12-03,2,2,71,104
2018-12-03,2,3,29,104
2018-12-03,3,0,4,192
2018-12-03,3,1,4,192
2018-12-03,3,2,30,192
2018-12-03,3,3,154,192
2019-01-02,0,0,110,139
2019-01-02,0,1,23,139
2019-01-02,0,2,2,139
2019-01-02,0,3,4,139
2019-01-02,1,0,22,89
2019-01-02,1,1,62,89
2019-01-02,1,2,1,89
2019-01-02,1,3,4,89
2019-01-02,2,0,4,100
2019-01-02,2,1,0,100
2019-01-02,2,2,68,100
2019-01-02,2,3,28,100
2019-01-02,3,0,4,176
2019-01-02,3,1,4,176
2019-01-02,3,2,28,176
2019-01-02,3,3,140,176
2019-02-01,0,0,108,136
2019-02-01,0,1,24,136
2019-02-01,0,2,1,136
2019-02-01,0,3,3,136
2019-02-01,1,0,22,107
2019-02-01,1,1,79,107
2019-02-01,1,2,1,107
2019-02-01,1,3,5,107
2019-02-01,2,0,2,90
2019-02-01,2,1,0,90
2019-02-01,2,2,60,90
2019-02-01,2,3,28,90
2019-02-01,3,0,4,171
2019-02-01,3,1,4,171
2019-02-01,3,2,28,171
2019-02-01,3,3,135,171
2019-03-01,0,0,104,131
2019-03-01,0,1,24,131
2019-03-01,0,2,1,131
2019-03-01,0,3,2,131
2019-03-01,1,0,22,106
2019-03-01,1,1,79,106
2019-03-01,1,2,1,106
2019-03-01,1,3,4,106
2019-03-01,2,0,2,90
2019-03-01,2,1,0,90
2019-03-01,2,2,60,90
2019-03-01,2,3,28,90
2019-03-01,3,0,3,177
2019-03-01,3,1,3,177
2019-03-01,3,2,27,177
2019-03-01,3,3,144,177
2019-04-01,0,0,104,131
2019-04-01,0,1,24,131
2019-04-01,0,2,1,131
2019-04-01,0,3,2,131
2019-04-01,1,0,22,106
2019-04-01,1,1,79,106
2019-04-01,1,2,1,106
2019-04-01,1,3,4,106
2019-04-01,2,0,2,93
2019-04-01,2,1,0,93
2019-04-01,2,2,63,93
2019-04-01,2,3,28,93
2019-04-01,3,0,3,174
2019-04-01,3,1,3,174
2019-04-01,3,2,28,174
2019-04-01,3,3,140,174
2019-05-06,0,0,104,131
2019-05-06,0,1,24,131
2019-05-06,0,2,1,131
2019-05-06,0,3,2,131
2019-05-06,1,0,22,106
2019-05-06,1,1,79,106
2019-05-06,1,2,1,106
2019-05-06,1,3,4,106
2019-05-06,2,0,2,95
2019-05-06,2,1,0,95
2019-05-06,2,2,68,95
2019-05-06,2,3,25,95
2019-05-06,3,0,3,172
2019-05-06,3,1,3,172
2019-05-06,3,2,26,172
2019-05-06,3,3,140,172
2019-06-03,0,0,100,127
2019-06-03,0,1,24,127
2019-06-03,0,2,1,127
2019-06-03,0,3,2,127
2019-06-03,1,0,22,106
2019-06-03,1,1,79,106
2019-06-03,1,2,1,106
2019-06-03,1,3,4,106
2019-06-03,2,0,2,97
2019-06-03,2,1,0,97
2019-06-03,2,2,69,97
2019-06-03,2,3,26,97
2019-06-03,3,0,2,174
2019-06-03,3,1,3,174
2019-06-03,3,2,26,174
2019-06-03,3,3,143,174
2019-07-01,0,0,98,124
2019-07-01,0,1,23,124
2019-07-01,0,2,1,124
2019-07-01,0,3,2,124
2019-07-01,1,0,22,100
2019-07-01,1,1,75,100
2019-07-01,1,2,0,100
2019-07-01,1,3,3,100
2019-07-01,2,0,2,100
2019-07-01,2,1,0,100
2019-07-01,2,2,72,100
2019-07-01,2,3,26,100
2019-07-01,3,0,2,180
2019-07-01,3,1,2,180
2019-07-01,3,2,27,180
2019-07-01,3,3,149,180
2019-08-01,0,0,98,124
2019-08-01,0,1,23,124
2019-08-01,0,2,1,124
2019-08-01,0,3,2,124
2019-08-01,1,0,22,100
2019-08-01,1,1,75,100
2019-08-01,1,2,0,100
2019-08-01,1,3,3,100
2019-08-01,2,0,2,100
2019-08-01,2,1,0,100
2019-08-01,2,2,72,100
2019-08-01,2,3,26,100
2019-08-01,3,0,2,180
2019-08-01,3,1,2,180
2019-08-01,3,2,28,180
2019-08-01,3,3,148,180
2019-09-02,0,0,102,129
2019-09-02,0,1,24,129
2019-09-02,0,2,1,129
2019-09-02,0,3,2,129
2019-09-02,1,0,22,105
2019-09-02,1,1,79,105
2019-09-02,1,2,0,105
2019-09-02,1,3,4,105
2019-09-02,2,0,3,96
2019-09-02,2,1,0,96
2019-09-02,2,2,67,96
2019-09-02,2,3,26,96
2019-09-02,3,0,2,174
2019-09-02,3,1,2,174
2019-09-02,3,2,27,174
2019-09-02,3,3,143,174
2019-10-08,0,0,102,129
2019-10-08,0,1,24,129
2019-10-08,0,2,1,129
2019-10-08,0,3,2,129
2019-10-08,1,0,22,105
2019-10-08,1,1,79,105
2019-10-08,1,2,0,105
2019-10-08,1,3,4,105
2019-10-08,2,0,3,99
2019-10-08,2,1,0,99
2019-10-08,2,2,70,99
2019-10-08,2,3,26,99
2019-10-08,3,0,2,171
2019-10-08,3,1,2,171
2019-10-08,3,2,29,171
2019-10-08,3,3,138,171
2019-11-01,0,0,102,129
2019-11-01,0,1,24,129
2019-11-01,0,2,1,129
2019-11-01,0,3,2,129
2019-11-01,1,0,22,105
2019-11-01,1,1,79,105
2019-11-01,1,2,0,105
2019-11-01,1,3,4,105
2019-11-01,2,0,3,96
2019-11-01,2,1,0,96
2019-11-01,2,2,68,96
2019-11-01,2,3,25,96
2019-11-01,3,0,2,174
2019-11-01,3,1,2,174
2019-11-01,3,2,27,174
2019-11-01,3,3,143,174
2019-12-02,0,0,102,130
2019-12-02,0,1,24,130
2019-12-02,0,2,2,130
2019-12-02,0,3,2,130
2019-12-02,1,0,22,105
2019-12-02,1,1,79,105
2019-12-02,1,2,0,105
2019-12-02,1,3,4,105
2019-12-02,2,0,4,104
2019-12-02,2,1,0,104
2019-12-02,2,2,76,104
2019-12-02,2,3,24,104
2019-12-02,3,0,2,165
2019-12-02,3,1,2,165
2019-12-02,3,2,27,165
2019-12-02,3,3,134,165
2020-01-02,0,0,102,130
2020-01-02,0,1,24,130
2020-01-02,0,2,2,130
2020-01-02,0,3,2,130
2020-01-02,1,0,22,105
2020-01-02,1,1,79,105
2020-01-02,1,2,0,105
2020-01-02,1,3,4,105
2020-01-02,2,0,4,99
2020-01-02,2,1,0,99
2020-01-02,2,2,70,99
2020-01-02,2,3,25,99
2020-01-02,3,0,2,170
2020-01-02,3,1,2,170
2020-01-02,3,2,26,170
2020-01-02,3,3,140,170
2020-02-03,0,0,102,130
2020-02-03,0,1,24,130
2020-02-03,0,2,2,130
2020-02-03,0,3,2,130
2020-02-03,1,0,22,105
2020-02-03,1,1,79,105
2020-02-03,1,2,0,105
2020-02-03,1,3,4,105
2020-02-03,2,0,5,98
2020-02-03,2,1,0,98
2020-02-03,2,2,72,98
2020-02-03,2,3,21,98
2020-02-03,3,0,2,171
2020-02-03,3,1,2,171
2020-02-03,3,2,23,171
2020-02-03,3,3,144,171
2020-03-02,0,0,106,136
2020-03-02,0,1,25,136
2020-03-02,0,2,3,136
2020-03-02,0,3,2,136
2020-03-02,1,0,22,106
2020-03-02,1,1,79,106
2020-03-02,1,2,0,106
2020-03-02,1,3,5,106
2020-03-02,2,0,6,98
2020-03-02,2,1,0,98
2020-03-02,2,2,72,98
2020-03-02,2,3,20,98
2020-03-02,3,0,2,164
2020-03-02,3,1,2,164
2020-03-02,3,2,23,164
2020-03-02,3,3,137,164
2020-04-01,0,0,109,138
2020-04-01,0,1,26,138
2020-04-01,0,2,3,138
2020-04-01,0,3,0,138
2020-04-01,1,0,23,110
2020-04-01,1,1,83,110
2020-04-01,1,2,0,110
2020-04-01,1,3,4,110
2020-04-01,2,0,6,94
2020-04-01,2,1,0,94
2020-04-01,2,2,66,94
2020-04-01,2,3,22,94
2020-04-01,3,0,1,162
2020-04-01,3,1,0,162
2020-04-01,3,2,25,162
2020-04-01,3,3,136,162
2020-05-06,0,0,104,134
2020-05-06,0,1,28,134
2020-05-06,0,2,2,134
2020-05-06,0,3,0,134
2020-05-06,1,0,24,122
2020-05-06,1,1,95,122
2020-05-06,1,2,0,122
2020-05-06,1,3,3,122
2020-05-06,2,0,5,92
2020-05-06,2,1,0,92
2020-05-06,2,2,65,92
2020-05-06,2,3,22,92
2020-05-06,3,0,0,156
2020-05-06,3,1,0,156
2020-05-06,3,2,25,156
2020-05-06,3,3,131,156
2020-06-01,0,0,103,131
2020-06-01,0,1,25,131
2020-06-01,0,2,3,131
2020-06-01,0,3,0,131
2020-06-01,1,0,22,119
2020-06-01,1,1,92,119
2020-06-01,1,2,0,119
2020-06-01,1,3,5,119
2020-06-01,2,0,6,94
2020-06-01,2,1,0,94
2020-06-01,2,2,66,94
2020-06-01,2,3,22,94
2020-06-01,3,0,0,160
2020-06-01,3,1,1,160
2020-06-01,3,2,25,160
2020-06-01,3,3,134,160
2020-07-01,0,0,94,121
2020-07-01,0,1,24,121
2020-07-01,0,2,3,121
2020-07-01,0,3,0,121
2020-07-01,1,0,20,109
2020-07-01,1,1,84,109
2020-07-01,1,2,0,109
2020-07-01,1,3,5,109
2020-07-01,2,0,6,97
2020-07-01,2,1,0,97
2020-07-01,2,2,68,97
2020-07-01,2,3,23,97
2020-07-01,3,0,0,177
2020-07-01,3,1,1,177
2020-07-01,3,2,26,177
2020-07-01,3,3,150,177
2020-08-03,0,0,76,102
2020-08-03,0,1,23,102
2020-08-03,0,2,3,102
2020-08-03,0,3,0,102
2020-08-03,1,0,19,105
2020-08-03,1,1,81,105
2020-08-03,1,2,0,105
2020-08-03,1,3,5,105
2020-08-03,2,0,6,107
2020-08-03,2,1,0,107
2020-08-03,2,2,76,107
2020-08-03,2,3,25,107
2020-08-03,3,0,0,190
2020-08-03,3,1,1,190
2020-08-03,3,2,28,190
2020-08-03,3,3,161,190
2020-09-01,0,0,71,94
2020-09-01,0,1,20,94
2020-09-01,0,2,3,94
2020-09-01,0,3,0,94
2020-09-01,1,0,16,92
2020-09-01,1,1,71,92
2020-09-01,1,2,0,92
2020-09-01,1,3,5,92
2020-09-01,2,0,6,114
2020-09-01,2,1,0,114
2020-09-01,2,2,81,114
2020-09-01,2,3,27,114
2020-09-01,3,0,0,204
2020-09-01,3,1,1,204
2020-09-01,3,2,30,204
2020-09-01,3,3,173,204
2020-10-09,0,0,63,84
2020-10-09,0,1,18,84
2020-10-09,0,2,3,84
2020-10-09,0,3,0,84
2020-10-09,1,0,14,80
2020-10-09,1,1,61,80
2020-10-09,1,2,0,80
2020-10-09,1,3,5,80
2020-10-09,2,0,6,129
2020-10-09,2,1,0,129
2020-10-09,2,2,94,129
2020-10-09,2,3,29,129
2020-10-09,3,0,0,211
2020-10-09,3,1,1,211
2020-10-09,3,2,32,211
2020-10-09,3,3,178,211
2020-11-02,0,0,55,75
2020-11-02,0,1,17,75
2020-11-02,0,2,3,75
2020-11-02,0,3,0,75
2020-11-02,1,0,14,73
2020-11-02,1,1,54,73
2020-11-02,1,2,0,73
2020-11-02,1,3,5,73
2020-11-02,2,0,6,138
2020-11-02,2,1,0,138
2020-11-02,2,2,101,138
2020-11-02,2,3,31,138
2020-11-02,3,0,0,218
2020-11-02,3,1,1,218
2020-11-02,3,2,34,218
2020-11-02,3,3,183,218
2020-12-01,0,0,43,61
2020-12-01,0,1,15,61
2020-12-01,0,2,3,61
2020-12-01,0,3,0,61
2020-12-01,1,0,12,66
2020-12-01,1,1,49,66
2020-12-01,1,2,0,66
2020-12-01,1,3,5,66
2020-12-01,2,0,6,144
2020-12-01,2,1,0,144
2020-12-01,2,2,104,144
2020-12-01,2,3,34,144
2020-12-01,3,0,0,233
2020-12-01,3,1,1,233
2020-12-01,3,2,37,233
2020-12-01,3,3,195,233
2021-01-04,0,0,35,50
2021-01-04,0,1,12,50
2021-01-04,0,2,3,50
2021-01-04,0,3,0,50
2021-01-04,1,0,9,54
2021-01-04,1,1,40,54
2021-01-04,1,2,0,54
2021-01-04,1,3,5,54
2021-01-04,2,0,6,151
2021-01-04,2,1,0,151
2021-01-04,2,2,109,151
2021-01-04,2,3,36,151
2021-01-04,3,0,0,249
2021-01-04,3,1,1,249
2021-01-04,3,2,39,249
2021-01-04,3,3,209,249
2021-02-01,0,0,23,35
2021-02-01,0,1,9,35
2021-02-01,0,2,3,35
2021-02-01,0,3,0,35
2021-02-01,1,0,6,49
2021-02-01,1,1,38,49
2021-02-01,1,2,0,49
2021-02-01,1,3,5,49
2021-02-01,2,0,6,157
2021-02-01,2,1,0,157
2021-02-01,2,2,113,157
2021-02-01,2,3,38,157
2021-02-01,3,0,0,263
2021-02-01,3,1,1,263
2021-02-01,3,2,42,263
2021-02-01,3,3,220,263
2021-03-01,0,0,23,35
2021-03-01,0,1,9,35
2021-03-01,0,2,3,35
2021-03-01,0,3,0,35
2021-03-01,1,0,5,34
2021-03-01,1,1,24,34
2021-03-01,1,2,0,34
2021-03-01,1,3,5,34
2021-03-01,2,0,6,164
2021-03-01,2,1,0,164
2021-03-01,2,2,119,164
2021-03-01,2,3,39,164
2021-03-01,3,0,0,271
2021-03-01,3,1,1,271
2021-03-01,3,2,43,271
2021-03-01,3,3,227,271
2021-04-01,0,0,26,42
2021-04-01,0,1,12,42
2021-04-01,0,2,4,42
2021-04-01,0,3,0,42
2021-04-01,1,0,7,36
2021-04-01,1,1,24,36
2021-04-01,1,2,0,36
2021-04-01,1,3,5,36
2021-04-01,2,0,8,171
2021-04-01,2,1,0,171
2021-04-01,2,2,123,171
2021-04-01,2,3,40,171
2021-04-01,3,0,1,255
2021-04-01,3,1,1,255
2021-04-01,3,2,44,255
2021-04-01,3,3,209,255
2021-05-06,0,0,32,50
2021-05-06,0,1,14,50
2021-05-06,0,2,4,50
2021-05-06,0,3,0,50
2021-05-06,1,0,10,48
2021-05-06,1,1,32,48
2021-05-06,1,2,0,48
2021-05-06,1,3,6,48
2021-05-06,2,0,8,162
2021-05-06,2,1,0,162
2021-05-06,2,2,116,162
2021-05-06,2,3,38,162
2021-05-06,3,0,1,244
2021-05-06,3,1,2,244
2021-05-06,3,2,42,244
2021-05-06,3,3,199,244
2021-06-01,0,0,37,57
2021-06-01,0,1,15,57
2021-06-01,0,2,4,57
2021-06-01,0,3,1,57
2021-06-01,1,0,11,52
2021-06-01,1,1,34,52
2021-06-01,1,2,0,52
2021-06-01,1,3,7,52
2021-06-01,2,0,8,152
2021-06-01,2,1,0,152
2021-06-01,2,2,107,152
2021-06-01,2,3,37,152
2021-06-01,3,0,1,243
2021-06-01,3,1,3,243
2021-06-01,3,2,40,243
2021-06-01,3,3,199,243
2021-07-01,0,0,42,63
2021-07-01,0,1,16,63
2021-07-01,0,2,4,63
2021-07-01,0,3,1,63
2021-07-01,1,0,11,55
2021-07-01,1,1,35,55
2021-07-01,1,2,0,55
2021-07-01,1,3,9,55
2021-07-01,2,0,9,146
2021-07-01,2,1,0,146
2021-07-01,2,2,103,146
2021-07-01,2,3,34,146
2021-07-01,3,0,1,240
2021-07-01,3,1,4,240
2021-07-01,3,2,38,240
2021-07-01,3,3,197,240
2021-08-02,0,0,52,77
2021-08-02,0,1,20,77
2021-08-02,0,2,4,77
2021-08-02,0,3,1,77
2021-08-02,1,0,14,62
2021-08-02,1,1,39,62
2021-08-02,1,2,0,62
2021-08-02,1,3,9,62
2021-08-02,2,0,9,142
2021-08-02,2,1,0,142
2021-08-02,2,2,101,142
2021-08-02,2,3,32,142
2021-08-02,3,0,2,223
2021-08-02,3,1,4,223
2021-08-02,3,2,36,223
2021-08-02,3,3,181,223
2021-09-01,0,0,57,84
2021-09-01,0,1,22,84
2021-09-01,0,2,4,84
2021-09-01,0,3,1,84
2021-09-01,1,0,17,75
2021-09-01,1,1,49,75
2021-09-01,1,2,0,75
2021-09-01,1,3,9,75
2021-09-01,2,0,8,132
2021-09-01,2,1,0,132
2021-09-01,2,2,95,132
2021-09-01,2,3,29,132
2021-09-01,3,0,2,213
2021-09-01,3,1,4,213
2021-09-01,3,2,33,213
2021-09-01,3,3,174,213
2021-10-08,0,0,61,89
2021-10-08,0,1,23,89
2021-10-08,0,2,4,89
2021-10-08,0,3,1,89
2021-10-08,1,0,18,82
2021-10-08,1,1,56,82
2021-10-08,1,2,0,82
2021-10-08,1,3,8,82
2021-10-08,2,0,8,130
2021-10-08,2,1,0,130
2021-10-08,2,2,95,130
2021-10-08,2,3,27,130
2021-10-08,3,0,2,203
2021-10-08,3,1,4,203
2021-10-08,3,2,31,203
2021-10-08,3,3,166,203
2021-11-01,0,0,64,95
2021-11-01,0,1,26,95
2021-11-01,0,2,4,95
2021-11-01,0,3,1,95
2021-11-01,1,0,22,92
2021-11-01,1,1,62,92
2021-11-01,1,2,0,92
2021-11-01,1,3,8,92
2021-11-01,2,0,8,123
2021-11-01,2,1,0,123
2021-11-01,2,2,89,123
2021-11-01,2,3,26,123
2021-11-01,3,0,2,194
2021-11-01,3,1,4,194
2021-11-01,3,2,29,194
2021-11-01,3,3,159,194
2021-12-01,0,0,73,107
2021-12-01,0,1,29,107
2021-12-01,0,2,4,107
2021-12-01,0,3,1,107
2021-12-01,1,0,25,102
2021-12-01,1,1,69,102
2021-12-01,1,2,0,102
2021-12-01,1,3,8,102
2021-12-01,2,0,8,114
2021-12-01,2,1,0,114
2021-12-01,2,2,82,114
2021-12-01,2,3,24,114
2021-12-01,3,0,2,181
2021-12-01,3,1,4,181
2021-12-01,3,2,28,181
2021-12-01,3,3,147,181
2022-01-04,0,0,77,114
2022-01-04,0,1,30,114
2022-01-04,0,2,4,114
2022-01-04,0,3,3,114
2022-01-04,1,0,25,105
2022-01-04,1,1,71,105
2022-01-04,1,2,0,105
2022-01-04,1,3,9,105
2022-01-04,2,0,9,103
2022-01-04,2,1,0,103
2022-01-04,2,2,72,103
2022-01-04,2,3,22,103
2022-01-04,3,0,4,182
2022-01-04,3,1,4,182
2022-01-04,3,2,27,182
2022-01-04,3,3,147,182
2022-02-07,0,0,90,129
2022-02-07,0,1,32,129
2022-02-07,0,2,4,129
2022-02-07,0,3,3,129
2022-02-07,1,0,27,109
2022-02-07,1,1,73,109
2022-02-07,1,2,0,109
2022-02-07,1,3,9,109
2022-02-07,2,0,9,100
2022-02-07,2,1,0,100
2022-02-07,2,2,70,100
2022-02-07,2,3,21,100
2022-02-07,3,0,4,166
2022-02-07,3,1,4,166
2022-02-07,3,2,26,166
2022-02-07,3,3,132,166
2022-03-01,0,0,96,139
2022-03-01,0,1,36,139
2022-03-01,0,2,4,139
2022-03-01,0,3,3,139
2022-03-01,1,0,30,114
2022-03-01,1,1,75,114
2022-03-01,1,2,0,114
2022-03-01,1,3,9,114
2022-03-01,2,0,8,94
2022-03-01,2,1,0,94
2022-03-01,2,2,65,94
2022-03-01,2,3,21,94
2022-03-01,3,0,4,157
2022-03-01,3,1,4,157
2022-03-01,3,2,25,157
2022-03-01,3,3,124,157
2022-04-01,0,0,107,151
2022-04-01,0,1,38,151
2022-04-01,0,2,3,151
2022-04-01,0,3,3,151
2022-04-01,1,0,33,119
2022-04-01,1,1,78,119
2022-04-01,1,2,0,119
2022-04-01,1,3,8,119
2022-04-01,2,0,7,91
2022-04-01,2,1,0,91
2022-04-01,2,2,64,91
2022-04-01,2,3,20,91
2022-04-01,3,0,4,143
2022-04-01,3,1,4,143
2022-04-01,3,2,24,143
2022-04-01,3,3,111,143
2022-05-05,0,0,111,155
2022-05-05,0,1,38,155
2022-05-05,0,2,3,155
2022-05-05,0,3,3,155
2022-05-05,1,0,34,119
2022-05-05,1,1,77,119
2022-05-05,1,2,0,119
2022-05-05,1,3,8,119
2022-05-05,2,0,6,89
2022-05-05,2,1,0,89
2022-05-05,2,2,64,89
2022-05-05,2,3,19,89
2022-05-05,3,0,4,141
2022-05-05,3,1,4,141
2022-05-05,3,2,22,141
2022-05-05,3,3,111,141
2022-06-01,0,0,115,159
2022-06-01,0,1,38,159
2022-06-01,0,2,3,159
2022-06-01,0,3,3,159
2022-06-01,1,0,34,115
2022-06-01,1,1,73,115
2022-06-01,1,2,0,115
2022-06-01,1,3,8,115
2022-06-01,2,0,6,89
2022-06-01,2,1,0,89
2022-06-01,2,2,64,89
2022-06-01,2,3,19,89
2022-06-01,3,0,4,141
2022-06-01,3,1,4,141
2022-06-01,3,2,22,141
2022-06-01,3,3,111,141
2022-07-01,0,0,109,151
2022-07-01,0,1,37,151
2022-07-01,0,2,2,151
2022-07-01,0,3,3,151
2022-07-01,1,0,33,125
2022-07-01,1,1,85,125
2022-07-01,1,2,0,125
2022-07-01,1,3,7,125
2022-07-01,2,0,5,87
2022-07-01,2,1,0,87
2022-07-01,2,2,63,87
2022-07-01,2,3,19,87
2022-07-01,3,0,4,141
2022-07-01,3,1,3,141
2022-07-01,3,2,22,141
2022-07-01,3,3,112,141
2022-08-01,0,0,110,154
2022-08-01,0,1,37,154
2022-08-01,0,2,4,154
2022-08-01,0,3,3,154
2022-08-01,1,0,33,125
2022-08-01,1,1,85,125
2022-08-01,1,2,0,125
2022-08-01,1,3,7,125
2022-08-01,2,0,8,100
2022-08-01,2,1,0,100
2022-08-01,2,2,74,100
2022-08-01,2,3,18,100
2022-08-01,3,0,4,125
2022-08-01,3,1,3,125
2022-08-01,3,2,22,125
2022-08-01,3,3,96,125
2022-09-01,0,0,121,167
2022-09-01,0,1,38,167
2022-09-01,0,2,5,167
2022-09-01,0,3,3,167
2022-09-01,1,0,33,127
2022-09-01,1,1,86,127
2022-09-01,1,2,0,127
2022-09-01,1,3,8,127
2022-09-01,2,0,10,93
2022-09-01,2,1,0,93
2022-09-01,2,2,67,93
2022-09-01,2,3,16,93
2022-09-01,3,0,4,117
2022-09-01,3,1,3,117
2022-09-01,3,2,21,117
2022-09-01,3,3,89,117
2022-10-10,0,0,138,185
2022-10-10,0,1,39,185
2022-10-10,0,2,5,185
2022-10-10,0,3,3,185
2022-10-10,1,0,34,130
2022-10-10,1,1,88,130
2022-10-10,1,2,0,130
2022-10-10,1,3,8,130
2022-10-10,2,0,10,86
2022-10-10,2,1,0,86
2022-10-10,2,2,62,86
2022-10-10,2,3,14,86
2022-10-10,3,0,4,103
2022-10-10,3,1,3,103
2022-10-10,3,2,18,103
2022-10-10,3,3,78,103
2022-11-01,0,0,147,197
2022-11-01,0,1,42,197
2022-11-01,0,2,5,197
2022-11-01,0,3,3,197
2022-11-01,1,0,36,134
2022-11-01,1,1,90,134
2022-11-01,1,2,0,134
2022-11-01,1,3,8,134
2022-11-01,2,0,10,74
2022-11-01,2,1,0,74
2022-11-01,2,2,51,74
2022-11-01,2,3,13,74
2022-11-01,3,0,4,99
2022-11-01,3,1,3,99
2022-11-01,3,2,17,99
2022-11-01,3,3,75,99
2022-12-01,0,0,152,203
2022-12-01,0,1,43,203
2022-12-01,0,2,5,203
2022-12-01,0,3,3,203
2022-12-01,1,0,37,150
2022-12-01,1,1,105,150
2022-12-01,1,2,0,150
2022-12-01,1,3,8,150
2022-12-01,2,0,10,62
2022-12-01,2,1,0,62
2022-12-01,2,2,42,62
2022-12-01,2,3,10,62
2022-12-01,3,0,4,89
2022-12-01,3,1,3,89
2022-12-01,3,2,15,89
2022-12-01,3,3,67,89
2023-01-03,0,0,159,212
2023-01-03,0,1,45,212
2023-01-03,0,2,5,212
2023-01-03,0,3,3,212
2023-01-03,1,0,39,163
2023-01-03,1,1,116,163
2023-01-03,1,2,0,163
2023-01-03,1,3,8,163
2023-01-03,2,0,10,56
2023-01-03,2,1,0,56
2023-01-03,2,2,39,56
2023-01-03,2,3,7,56
2023-01-03,3,0,4,73
2023-01-03,3,1,3,73
2023-01-03,3,2,12,73
2023-01-03,3,3,54,73
2023-02-01,0,0,159,212
2023-02-01,0,1,45,212
2023-02-01,0,2,5,212
2023-02-01,0,3,3,212
2023-02-01,1,0,39,165
2023-02-01,1,1,117,165
2023-02-01,1,2,0,165
2023-02-01,1,3,9,165
2023-02-01,2,0,10,49
2023-02-01,2,1,0,49
2023-02-01,2,2,34,49
2023-02-01,2,3,5,49
2023-02-01,3,0,4,78
2023-02-01,3,1,3,78
2023-02-01,3,2,10,78
2023-02-01,3,3,61,78
2023-03-01,0,0,159,212
2023-03-01,0,1,45,212
2023-03-01,0,2,5,212
2023-03-01,0,3,3,212
2023-03-01,1,0,39,165
2023-03-01,1,1,117,165
2023-03-01,1,2,0,165
2023-03-01,1,3,9,165
2023-03-01,2,0,10,58
2023-03-01,2,1,0,58
2023-03-01,2,2,42,58
2023-03-01,2,3,6,58
2023-03-01,3,0,4,69
2023-03-01,3,1,3,69
2023-03-01,3,2,11,69
2023-03-01,3,3,51,69
2023-04-03,0,0,159,212
2023-04-03,0,1,45,212
2023-04-03,0,2,5,212
2023-04-03,0,3,3,212
2023-04-03,1,0,39,165
2023-04-03,1,1,117,165
2023-04-03,1,2,0,165
2023-04-03,1,3,9,165
2023-04-03,2,0,10,56
2023-04-03,2,1,0,56
2023-04-03,2,2,41,56
2023-04-03,2,3,5,56
2023-04-03,3,0,4,71
2023-04-03,3,1,3,71
2023-04-03,3,2,9,71
2023-04-03,3,3,55,71
2023-05-04,0,0,157,206
2023-05-04,0,1,41,206
2023-05-04,0,2,5,206
2023-05-04,0,3,3,206
2023-05-04,1,0,37,159
2023-05-04,1,1,115,159
2023-05-04,1,2,0,159
2023-05-04,1,3,7,159
2023-05-04,2,0,9,60
2023-05-04,2,1,0,60
2023-05-04,2,2,44,60
2023-05-04,2,3,7,60
2023-05-04,3,0,3,79
2023-05-04,3,1,3,79
2023-05-04,3,2,11,79
2023-05-04,3,3,62,79
2023-06-01,0,0,165,213
2023-06-01,0,1,40,213
2023-06-01,0,2,5,213
2023-06-01,0,3,3,213
2023-06-01,1,0,35,149
2023-06-01,1,1,107,149
2023-06-01,1,2,0,149
2023-06-01,1,3,7,149
2023-06-01,2,0,9,60
2023-06-01,2,1,0,60
2023-06-01,2,2,44,60
2023-06-01,2,3,7,60
2023-06-01,3,0,4,82
2023-06-01,3,1,2,82
2023-06-01,3,2,11,82
2023-06-01,3,3,65,82
2023-07-03,0,0,165,215
2023-07-03,0,1,43,215
2023-07-03,0,2,5,215
2023-07-03,0,3,2,215
2023-07-03,1,0,37,156
2023-07-03,1,1,113,156
2023-07-03,1,2,0,156
2023-07-03,1,3,6,156
2023-07-03,2,0,9,59
2023-07-03,2,1,0,59
2023-07-03,2,2,43,59
2023-07-03,2,3,7,59
2023-07-03,3,0,4,74
2023-07-03,3,1,1,74
2023-07-03,3,2,10,74
2023-07-03,3,3,59,74
2023-08-01,0,0,164,215
2023-08-01,0,1,44,215
2023-08-01,0,2,5,215
2023-08-01,0,3,2,215
2023-08-01,1,0,39,165
2023-08-01,1,1,121,165
2023-08-01,1,2,0,165
2023-08-01,1,3,5,165
2023-08-01,2,0,8,53
2023-08-01,2,1,0,53
2023-08-01,2,2,39,53
2023-08-01,2,3,6,53
2023-08-01,3,0,3,71
2023-08-01,3,1,0,71
2023-08-01,3,2,9,71
2023-08-01,3,3,59,71
2023-09-01,0,0,165,213
2023-09-01,0,1,41,213
2023-09-01,0,2,5,213
2023-09-01,0,3,2,213
2023-09-01,1,0,36,159
2023-09-01,1,1,118,159
2023-09-01,1,2,0,159
2023-09-01,1,3,5,159
2023-09-01,2,0,9,56
2023-09-01,2,1,0,56
2023-09-01,2,2,40,56
2023-09-01,2,3,7,56
2023-09-01,3,0,3,76
2023-09-01,3,1,0,76
2023-09-01,3,2,11,76
2023-09-01,3,3,62,76
2023-10-09,0,0,169,216
2023-10-09,0,1,40,216
2023-10-09,0,2,5,216
2023-10-09,0,3,2,216
2023-10-09,1,0,36,156
2023-10-09,1,1,115,156
2023-10-09,1,2,0,156
2023-10-09,1,3,5,156
2023-10-09,2,0,9,56
2023-10-09,2,1,0,56
2023-10-09,2,2,40,56
2023-10-09,2,3,7,56
2023-10-09,3,0,3,76
2023-10-09,3,1,0,76
2023-10-09,3,2,11,76
2023-10-09,3,3,62,76
2023-11-01,0,0,176,223
2023-11-01,0,1,40,223
2023-11-01,0,2,5,223
2023-11-01,0,3,2,223
2023-11-01,1,0,35,149
2023-11-01,1,1,109,149
2023-11-01,1,2,0,149
2023-11-01,1,3,5,149
2023-11-01,2,0,9,56
2023-11-01,2,1,0,56
2023-11-01,2,2,40,56
2023-11-01,2,3,7,56
2023-11-01,3,0,3,76
2023-11-01,3,1,0,76
2023-11-01,3,2,11,76
2023-11-01,3,3,62,76
2023-12-01,0,0,181,226
2023-12-01,0,1,38,226
2023-12-01,0,2,5,226
2023-12-01,0,3,2,226
2023-12-01,1,0,33,146
2023-12-01,1,1,108,146
2023-12-01,1,2,0,146
2023-12-01,1,3,5,146
2023-12-01,2,0,9,56
2023-12-01,2,1,0,56
2023-12-01,2,2,40,56
2023-12-01,2,3,7,56
2023-12-01,3,0,3,76
2023-12-01,3,1,0,76
2023-12-01,3,2,11,76
2023-12-01,3,3,62,76
2024-01-02,0,0,188,232
2024-01-02,0,1,37,232
2024-01-02,0,2,5,232
2024-01-02,0,3,2,232
2024-01-02,1,0,32,140
2024-01-02,1,1,103,140
2024-01-02,1,2,0,140
2024-01-02,1,3,5,140
2024-01-02,2,0,9,56
2024-01-02,2,1,0,56
2024-01-02,2,2,40,56
2024-01-02,2,3,7,56
2024-01-02,3,0,3,76
2024-01-02,3,1,0,76
2024-01-02,3,2,11,76
2024-01-02,3,3,62,76
2024-02-01,0,0,194,237
2024-02-01,0,1,39,237
2024-02-01,0,2,4,237
2024-02-01,0,3,0,237
2024-02-01,1,0,35,147
2024-02-01,1,1,108,147
2024-02-01,1,2,0,147
2024-02-01,1,3,4,147
2024-02-01,2,0,7,53
2024-02-01,2,1,0,53
2024-02-01,2,2,39,53
2024-02-01,2,3,7,53
2024-02-01,3,0,1,67
2024-02-01,3,1,0,67
2024-02-01,3,2,10,67
2024-02-01,3,3,56,67
2024-03-01,0,0,187,230
2024-03-01,0,1,38,230
2024-03-01,0,2,4,230
2024-03-01,0,3,1,230
2024-03-01,1,0,34,153
2024-03-01,1,1,115,153
2024-03-01,1,2,0,153
2024-03-01,1,3,4,153
2024-03-01,2,0,7,53
2024-03-01,2,1,0,53
2024-03-01,2,2,39,53
2024-03-01,2,3,7,53
2024-03-01,3,0,1,68
2024-03-01,3,1,0,68
2024-03-01,3,2,10,68
2024-03-01,3,3,57,68
2024-04-01,0,0,178,216
2024-04-01,0,1,33,216
2024-04-01,0,2,4,216
2024-04-01,0,3,1,216
2024-04-01,1,0,29,146
2024-04-01,1,1,113,146
2024-04-01,1,2,0,146
2024-04-01,1,3,4,146
2024-04-01,2,0,7,60
2024-04-01,2,1,0,60
2024-04-01,2,2,44,60
2024-04-01,2,3,9,60
2024-04-01,3,0,1,82
2024-04-01,3,1,0,82
2024-04-01,3,2,12,82
2024-04-01,3,3,69,82
2024-05-06,0,0,164,200
2024-05-06,0,1,31,200
2024-05-06,0,2,4,200
2024-05-06,0,3,1,200
2024-05-06,1,0,28,142
2024-05-06,1,1,110,142
2024-05-06,1,2,0,142
2024-05-06,1,3,4,142
2024-05-06,2,0,7,69
2024-05-06,2,1,0,69
2024-05-06,2,2,50,69
2024-05-06,2,3,12,69
2024-05-06,3,0,1,93
2024-05-06,3,1,0,93
2024-05-06,3,2,15,93
2024-05-06,3,3,77,93
2024-06-03,0,0,152,186
2024-06-03,0,1,29,186
2024-06-03,0,2,4,186
2024-06-03,0,3,1,186
2024-06-03,1,0,26,136
2024-06-03,1,1,106,136
2024-06-03,1,2,0,136
2024-06-03,1,3,4,136
2024-06-03,2,0,7,77
2024-06-03,2,1,0,77
2024-06-03,2,2,56,77
2024-06-03,2,3,14,77
2024-06-03,3,0,1,105
2024-06-03,3,1,0,105
2024-06-03,3,2,18,105
2024-06-03,3,3,86,105
2024-07-01,0,0,148,181
2024-07-01,0,1,26,181
2024-07-01,0,2,5,181
2024-07-01,0,3,2,181
2024-07-01,1,0,23,125
2024-07-01,1,1,98,125
2024-07-01,1,2,0,125
2024-07-01,1,3,4,125
2024-07-01,2,0,9,90
2024-07-01,2,1,0,90
2024-07-01,2,2,64,90
2024-07-01,2,3,17,90
2024-07-01,3,0,1,108
2024-07-01,3,1,0,108
2024-07-01,3,2,21,108
2024-07-01,3,3,86,108
2024-08-01,0,0,157,192
2024-08-01,0,1,27,192
2024-08-01,0,2,5,192
2024-08-01,0,3,3,192
2024-08-01,1,0,23,112
2024-08-01,1,1,86,112
2024-08-01,1,2,0,112
2024-08-01,1,3,3,112
2024-08-01,2,0,10,90
2024-08-01,2,1,0,90
2024-08-01,2,2,63,90
2024-08-01,2,3,17,90
2024-08-01,3,0,2,110
2024-08-01,3,1,0,110
2024-08-01,3,2,21,110
2024-08-01,3,3,87,110
2024-09-02,0,0,167,201
2024-09-02,0,1,28,201
2024-09-02,0,2,3,201
2024-09-02,0,3,3,201
2024-09-02,1,0,25,118
2024-09-02,1,1,90,118
2024-09-02,1,2,0,118
2024-09-02,1,3,3,118
2024-09-02,2,0,7,75
2024-09-02,2,1,0,75
2024-09-02,2,2,51,75
2024-09-02,2,3,17,75
2024-09-02,3,0,2,110
2024-09-02,3,1,0,110
2024-09-02,3,2,21,110
2024-09-02,3,3,87,110
2024-10-08,0,0,170,203
2024-10-08,0,1,28,203
2024-10-08,0,2,2,203
2024-10-08,0,3,3,203
2024-10-08,1,0,25,121
2024-10-08,1,1,93,121
2024-10-08,1,2,0,121
2024-10-08,1,3,3,121
2024-10-08,2,0,5,72
2024-10-08,2,1,0,72
2024-10-08,2,2,50,72
2024-10-08,2,3,17,72
2024-10-08,3,0,2,108
2024-10-08,3,1,0,108
2024-10-08,3,2,20,108
2024-10-08,3,3,86,108
2024-11-01,0,0,156,188
2024-11-01,0,1,27,188
2024-11-01,0,2,2,188
2024-11-01,0,3,3,188
2024-11-01,1,0,24,118
2024-11-01,1,1,91,118
2024-11-01,1,2,0,118
2024-11-01,1,3,3,118
2024-11-01,2,0,5,80
2024-11-01,2,1,0,80
2024-11-01,2,2,56,80
2024-11-01,2,3,19,80
2024-11-01,3,0,2,118
2024-11-01,3,1,0,118
2024-11-01,3,2,23,118
2024-11-01,3,3,93,118
2024-12-02,0,0,144,173
2024-12-02,0,1,24,173
2024-12-02,0,2,2,173
2024-12-02,0,3,3,173
2024-12-02,1,0,22,112
2024-12-02,1,1,87,112
2024-12-02,1,2,0,112
2024-12-02,1,3,3,112
2024-12-02,2,0,5,93
2024-12-02,2,1,0,93
2024-12-02,2,2,67,93
2024-12-02,2,3,21,93
2024-12-02,3,0,2,126
2024-12-02,3,1,0,126
2024-12-02,3,2,24,126
2024-12-02,3,3,100,126
2025-01-02,0,0,139,167
2025-01-02,0,1,23,167
2025-01-02,0,2,2,167
2025-01-02,0,3,3,167
2025-01-02,1,0,21,96
2025-01-02,1,1,72,96
2025-01-02,1,2,0,96
2025-01-02,1,3,3,96
2025-01-02,2,0,5,100
2025-01-02,2,1,0,100
2025-01-02,2,2,73,100
2025-01-02,2,3,22,100
2025-01-02,3,0,2,141
2025-01-02,3,1,0,141
2025-01-02,3,2,26,141
2025-01-02,3,3,113,141
2025-02-05,0,0,132,158
2025-02-05,0,1,21,158
2025-02-05,0,2,2,158
2025-02-05,0,3,3,158
2025-02-05,1,0,19,87
2025-02-05,1,1,65,87
2025-02-05,1,2,0,87
2025-02-05,1,3,3,87
2025-02-05,2,0,5,109
2025-02-05,2,1,0,109
2025-02-05,2,2,81,109
2025-02-05,2,3,23,109
2025-02-05,3,0,2,150
2025-02-05,3,1,0,150
2025-02-05,3,2,27,150
2025-02-05,3,3,121,150
2025-03-03,0,0,132,158
2025-03-03,0,1,21,158
2025-03-03,0,2,2,158
2025-03-03,0,3,3,158
2025-03-03,1,0,19,83
2025-03-03,1,1,62,83
2025-03-03,1,2,0,83
2025-03-03,1,3,2,83
2025-03-03,2,0,5,111
2025-03-03,2,1,0,111
2025-03-03,2,2,82,111
2025-03-03,2,3,24,111
2025-03-03,3,0,2,152
2025-03-03,3,1,0,152
2025-03-03,3,2,28,152
2025-03-03,3,3,122,152
2025-04-01,0,0,134,160
2025-04-01,0,1,21,160
2025-04-01,0,2,2,160
2025-04-01,0,3,3,160
2025-04-01,1,0,19,83
2025-04-01,1,1,62,83
2025-04-01,1,2,0,83
2025-04-01,1,3,2,83
2025-04-01,2,0,6,108
2025-04-01,2,1,0,108
2025-04-01,2,2,79,108
2025-04-01,2,3,23,108
2025-04-01,3,0,2,153
2025-04-01,3,1,0,153
2025-04-01,3,2,27,153
2025-04-01,3,3,124,153
2025-05-06,0,0,142,170
2025-05-06,0,1,23,170
2025-05-06,0,2,2,170
2025-05-06,0,3,3,170
2025-05-06,1,0,20,94
2025-05-06,1,1,72,94
2025-05-06,1,2,0,94
2025-05-06,1,3,2,94
2025-05-06,2,0,6,97
2025-05-06,2,1,0,97
2025-05-06,2,2,69,97
2025-05-06,2,3,22,97
2025-05-06,3,0,2,143
2025-05-06,3,1,0,143
2025-05-06,3,2,26,143
2025-05-06,3,3,115,143
2025-06-03,0,0,146,173
2025-06-03,0,1,23,173
2025-06-03,0,2,1,173
2025-06-03,0,3,3,173
2025-06-03,1,0,20,98
2025-06-03,1,1,75,98
2025-06-03,1,2,0,98
2025-06-03,1,3,3,98
2025-06-03,2,0,6,94
2025-06-03,2,1,0,94
2025-06-03,2,2,65,94
2025-06-03,2,3,23,94
2025-06-03,3,0,2,139
2025-06-03,3,1,0,139
2025-06-03,3,2,27,139
2025-06-03,3,3,110,139
2025-07-01,0,0,133,161
2025-07-01,0,1,22,161
2025-07-01,0,2,2,161
2025-07-01,0,3,4,161
2025-07-01,1,0,19,97
2025-07-01,1,1,75,97
2025-07-01,1,2,0,97
2025-07-01,1,3,3,97
2025-07-01,2,0,7,98
2025-07-01,2,1,0,98
2025-07-01,2,2,67,98
2025-07-01,2,3,24,98
2025-07-01,3,0,1,148
2025-07-01,3,1,0,148
2025-07-01,3,2,29,148
2025-07-01,3,3,118,148
2025-08-01,0,0,127,151
2025-08-01,0,1,18,151
2025-08-01,0,2,2,151
2025-08-01,0,3,4,151
2025-08-01,1,0,16,84
2025-08-01,1,1,65,84
2025-08-01,1,2,0,84
2025-08-01,1,3,3,84
2025-08-01,2,0,7,100
2025-08-01,2,1,0,100
2025-08-01,2,2,68,100
2025-08-01,2,3,25,100
2025-08-01,3,0,1,169
2025-08-01,3,1,0,169
2025-08-01,3,2,31,169
2025-08-01,3,3,137,169
2025-09-01,0,0,122,144
2025-09-01,0,1,16,144
2025-09-01,0,2,2,144
2025-09-01,0,3,4,144
2025-09-01,1,0,14,74
2025-09-01,1,1,58,74
2025-09-01,1,2,0,74
2025-09-01,1,3,2,74
2025-09-01,2,0,7,104
2025-09-01,2,1,0,104
2025-09-01,2,2,71,104
2025-09-01,2,3,26,104
2025-09-01,3,0,1,182
2025-09-01,3,1,0,182
2025-09-01,3,2,31,182
2025-09-01,3,3,150,182
2025-10-09,0,0,112,133
2025-10-09,0,1,15,133
2025-10-09,0,2,2,133
2025-10-09,0,3,4,133
2025-10-09,1,0,14,69
2025-10-09,1,1,53,69
2025-10-09,1,2,0,69
2025-10-09,1,3,2,69
2025-10-09,2,0,6,109
2025-10-09,2,1,0,109
2025-10-09,2,2,76,109
2025-10-09,2,3,27,109
2025-10-09,3,0,1,193
2025-10-09,3,1,0,193
2025-10-09,3,2,31,193
2025-10-09,3,3,161,193
2025-11-03,0,0,101,120
2025-11-03,0,1,13,120
2025-11-03,0,2,2,120
2025-11-03,0,3,4,120
2025-11-03,1,0,12,65
2025-11-03,1,1,51,65
2025-11-03,1,2,0,65
2025-11-03,1,3,2,65
2025-11-03,2,0,6,117
2025-11-03,2,1,0,117
2025-11-03,2,2,82,117
2025-11-03,2,3,29,117
2025-11-03,3,0,1,202
2025-11-03,3,1,0,202
2025-11-03,3,2,34,202
2025-11-03,3,3,167,202
2025-12-01,0,0,88,106
2025-12-01,0,1,12,106
2025-12-01,0,2,2,106
2025-12-01,0,3,4,106
2025-12-01,1,0,11,59
2025-12-01,1,1,46,59
2025-12-01,1,2,0,59
2025-12-01,1,3,2,59
2025-12-01,2,0,6,131
2025-12-01,2,1,0,131
2025-12-01,2,2,94,131
2025-12-01,2,3,31,131
2025-12-01,3,0,1,208
2025-12-01,3,1,0,208
2025-12-01,3,2,35,208
2025-12-01,3,3,172,208
2026-01-05,0,0,74,91
2026-01-05,0,1,11,91
2026-01-05,0,2,2,91
2026-01-05,0,3,4,91
2026-01-05,1,0,9,51
2026-01-05,1,1,40,51
2026-01-05,1,2,0,51
2026-01-05,1,3,2,51
2026-01-05,2,0,6,138
2026-01-05,2,1,0,138
2026-01-05,2,2,99,138
2026-01-05,2,3,33,138
2026-01-05,3,0,1,224
2026-01-05,3,1,0,224
2026-01-05,3,2,37,224
2026-01-05,3,3,186,224
2026-02-02,0,0,63,77
2026-02-02,0,1,8,77
2026-02-02,0,2,2,77
2026-02-02,0,3,4,77
2026-02-02,1,0,7,45
2026-02-02,1,1,36,45
2026-02-02,1,2,0,45
2026-02-02,1,3,2,45
2026-02-02,2,0,6,149
2026-02-02,2,1,0,149
2026-02-02,2,2,108,149
2026-02-02,2,3,35,149
2026-02-02,3,0,1,233
2026-02-02,3,1,0,233
2026-02-02,3,2,40,233
2026-02-02,3,3,192,233
2026-03-02,0,0,53,66
2026-03-02,0,1,7,66
2026-03-02,0,2,2,66
2026-03-02,0,3,4,66
2026-03-02,1,0,5,42
2026-03-02,1,1,35,42
2026-03-02,1,2,0,42
2026-03-02,1,3,2,42
2026-03-02,2,0,6,156
2026-03-02,2,1,0,156
2026-03-02,2,2,112,156
2026-03-02,2,3,38,156
2026-03-02,3,0,1,240
2026-03-02,3,1,0,240
2026-03-02,3,2,42,240
2026-03-02,3,3,197,240
2026-04-01,0,0,57,69
2026-04-01,0,1,6,69
2026-04-01,0,2,3,69
2026-04-01,0,3,3,69
2026-04-01,1,0,4,28
2026-04-01,1,1,22,28
2026-04-01,1,2,0,28
2026-04-01,1,3,2,28
2026-04-01,2,0,8,162
2026-04-01,2,1,0,162
2026-04-01,2,2,115,162
2026-04-01,2,3,39,162
2026-04-01,3,0,1,245
2026-04-01,3,1,0,245
2026-04-01,3,2,44,245
2026-04-01,3,3,200,245
2026-05-06,0,0,58,72
2026-05-06,0,1,8,72
2026-05-06,0,2,3,72
2026-05-06,0,3,3,72
2026-05-06,1,0,5,31
2026-05-06,1,1,23,31
2026-05-06,1,2,0,31
2026-05-06,1,3,3,31
2026-05-06,2,0,8,156
2026-05-06,2,1,0,156
2026-05-06,2,2,110,156
2026-05-06,2,3,38,156
2026-05-06,3,0,1,245
2026-05-06,3,1,0,245
2026-05-06,3,2,43,245
2026-05-06,3,3,201,245
2026-06-01,0,0,58,72
2026-06-01,0,1,8,72
2026-06-01,0,2,3,72
2026-06-01,0,3,3,72
2026-06-01,1,0,5,31
2026-06-01,1,1,23,31
2026-06-01,1,2,0,31
2026-06-01,1,3,3,31
2026-06-01,2,0,8,153
2026-06-01,2,1,0,153
2026-06-01,2,2,109,153
2026-06-01,2,3,36,153
2026-06-01,3,0,1,248
2026-06-01,3,1,0,248
2026-06-01,3,2,42,248
2026-06-01,3,3,205,248
2026-07-01,0,0,58,72
2026-07-01,0,1,8,72
2026-07-01,0,2,3,72
2026-07-01,0,3,3,72
2026-07-01,1,0,5,31
2026-07-01,1,1,23,31
2026-07-01,1,2,0,31
2026-07-01,1,3,3,31
2026-07-01,2,0,8,157
2026-07-01,2,1,0,157
2026-07-01,2,2,112,157
2026-07-01,2,3,37,157
2026-07-01,3,0,1,244
2026-07-01,3,1,0,244
2026-07-01,3,2,41,244
2026-07-01,3,3,202,244
2026-08-03,0,0,63,78
2026-08-03,0,1,8,78
2026-08-03,0,2,3,78
2026-08-03,0,3,4,78
2026-08-03,1,0,6,33
2026-08-03,1,1,24,33
2026-08-03,1,2,0,33
2026-08-03,1,3,3,33
2026-08-03,2,0,7,149
2026-08-03,2,1,0,149
2026-08-03,2,2,107,149
2026-08-03,2,3,35,149
2026-08-03,3,0,2,244
2026-08-03,3,1,1,244
2026-08-03,3,2,39,244
2026-08-03,3,3,202,244
