period,cost,origin,fixed_model_fit_origin,latest_model_fit_origin,fixed_prediction,independent_latest_prediction,saved_latest_prediction,different_parameter_identity,negative_update_veto
evaluation,BASE,2020-02-05,2020-02-03,2020-02-03,0.08240891627695655,0.08240891627695657,0.08240891627695655,False,False
evaluation,BASE,2020-02-06,2020-02-03,2020-02-03,0.05793956818509681,0.05793956818509681,0.05793956818509681,False,False
evaluation,BASE,2020-02-07,2020-02-03,2020-02-03,0.06024963573999788,0.06024963573999789,0.06024963573999788,False,False
evaluation,BASE,2020-02-10,2020-02-03,2020-02-03,0.05527658167493393,0.05527658167493393,0.05527658167493393,False,False
evaluation,BASE,2020-02-11,2020-02-03,2020-02-03,0.04304568262640272,0.04304568262640272,0.04304568262640272,False,False
evaluation,BASE,2020-02-12,2020-02-03,2020-02-03,0.036413234832550004,0.03641323483255,0.036413234832550004,False,False
evaluation,BASE,2020-02-13,2020-02-03,2020-02-03,0.03888133906869341,0.03888133906869342,0.03888133906869341,False,False
evaluation,BASE,2020-02-14,2020-02-03,2020-02-03,0.03356279731423412,0.03356279731423412,0.03356279731423412,False,False
evaluation,BASE,2020-02-17,2020-02-03,2020-02-03,0.011287300243573824,0.011287300243573824,0.011287300243573824,False,False
evaluation,BASE,2020-02-18,2020-02-03,2020-02-03,0.018290630945040576,0.018290630945040576,0.018290630945040576,False,False
evaluation,BASE,2020-02-19,2020-02-03,2020-02-03,0.016892073431808582,0.016892073431808582,0.016892073431808582,False,False
evaluation,BASE,2020-02-20,2020-02-03,2020-02-03,-0.006949431775228207,-0.006949431775228209,-0.006949431775228207,False,False
evaluation,BASE,2020-02-21,2020-02-03,2020-02-03,-0.011003071116623672,-0.011003071116623672,-0.011003071116623672,False,False
evaluation,BASE,2020-07-01,2020-07-01,2020-07-01,0.033221542277042555,0.03322154227704255,0.033221542277042555,False,False
evaluation,BASE,2020-07-02,2020-07-01,2020-07-01,0.008799667780219372,0.008799667780219372,0.008799667780219372,False,False
evaluation,BASE,2020-07-03,2020-07-01,2020-07-01,-0.012452669562298482,-0.012452669562298478,-0.012452669562298482,False,False
evaluation,BASE,2020-08-19,2020-08-03,2020-08-03,0.051006663557749965,0.051006663557749965,0.051006663557749965,False,False
evaluation,BASE,2020-08-20,2020-08-03,2020-08-03,0.05790156079863912,0.05790156079863911,0.05790156079863912,False,False
evaluation,BASE,2020-08-21,2020-08-03,2020-08-03,0.04514155987867797,0.045141559878677975,0.04514155987867797,False,False
evaluation,BASE,2020-08-24,2020-08-03,2020-08-03,0.03917768131235532,0.03917768131235533,0.03917768131235532,False,False
evaluation,BASE,2020-08-25,2020-08-03,2020-08-03,0.03754228647337949,0.037542286473379496,0.03754228647337949,False,False
evaluation,BASE,2020-08-26,2020-08-03,2020-08-03,0.05228970845331916,0.05228970845331916,0.05228970845331916,False,False
evaluation,BASE,2020-08-27,2020-08-03,2020-08-03,0.04378214598705043,0.04378214598705042,0.04378214598705043,False,False
evaluation,BASE,2020-08-28,2020-08-03,2020-08-03,0.020767174183891117,0.020767174183891117,0.020767174183891117,False,False
evaluation,BASE,2020-08-31,2020-08-03,2020-08-03,0.030777238668082952,0.030777238668082952,0.030777238668082952,False,False
evaluation,BASE,2020-09-01,2020-08-03,2020-09-01,0.0240262895823421,0.0240262895823421,0.0240262895823421,False,False
evaluation,BASE,2020-09-02,2020-08-03,2020-09-01,0.024510619205189252,0.02451061920518925,0.024510619205189252,False,False
evaluation,BASE,2020-09-03,2020-08-03,2020-09-01,0.02776028871771071,0.027760288717710715,0.02776028871771071,False,False
evaluation,BASE,2020-09-04,2020-08-03,2020-09-01,0.03710747269064503,0.03710747269064503,0.03710747269064503,False,False
evaluation,BASE,2020-09-07,2020-08-03,2020-09-01,0.05560451353100713,0.05560451353100712,0.05560451353100713,False,False
evaluation,BASE,2020-09-08,2020-08-03,2020-09-01,0.04981408627419121,0.04981408627419121,0.04981408627419121,False,False
evaluation,BASE,2020-09-09,2020-08-03,2020-09-01,0.06986690120717332,0.06986690120717332,0.06986690120717332,False,False
evaluation,BASE,2020-09-10,2020-08-03,2020-09-01,0.06864862989681164,0.06864862989681164,0.06864862989681164,False,False
evaluation,BASE,2020-09-11,2020-08-03,2020-09-01,0.06432188891701661,0.06432188891701661,0.06432188891701661,False,False
evaluation,BASE,2020-09-14,2020-08-03,2020-09-01,0.061985276500278935,0.061985276500278935,0.061985276500278935,False,False
evaluation,BASE,2020-09-15,2020-08-03,2020-09-01,0.05508820496444589,0.0550882049644459,0.05508820496444589,False,False
evaluation,BASE,2020-09-16,2020-08-03,2020-09-01,0.05867199816237092,0.058671998162370925,0.05867199816237092,False,False
evaluation,BASE,2020-09-17,2020-08-03,2020-09-01,0.06307678184795512,0.06307678184795512,0.06307678184795512,False,False
evaluation,BASE,2020-09-18,2020-08-03,2020-09-01,0.04027914816958031,0.040279148169580316,0.04027914816958031,False,False
evaluation,BASE,2020-09-21,2020-08-03,2020-09-01,0.051659509575922594,0.051659509575922594,0.051659509575922594,False,False
evaluation,BASE,2020-09-22,2020-08-03,2020-09-01,0.06288193716297823,0.06288193716297823,0.06288193716297823,False,False
evaluation,BASE,2020-09-23,2020-08-03,2020-09-01,0.05883732070325686,0.058837320703256854,0.05883732070325686,False,False
evaluation,BASE,2020-09-24,2020-08-03,2020-09-01,0.07447420119743448,0.07447420119743448,0.07447420119743448,False,False
evaluation,BASE,2020-09-25,2020-08-03,2020-09-01,0.07788931102593091,0.07788931102593091,0.07788931102593091,False,False
evaluation,BASE,2020-09-28,2020-08-03,2020-09-01,0.07489581131465181,0.07489581131465181,0.07489581131465181,False,False
evaluation,BASE,2021-01-05,2021-01-04,2021-01-04,0.032878792836742256,0.032878792836742256,0.032878792836742256,False,False
evaluation,BASE,2021-01-06,2021-01-04,2021-01-04,0.021549755168079124,0.021549755168079124,0.021549755168079124,False,False
evaluation,BASE,2021-01-07,2021-01-04,2021-01-04,-0.0015469647725894235,-0.0015469647725894235,-0.0015469647725894235,False,False
evaluation,BASE,2021-01-08,2021-01-04,2021-01-04,0.001917792220407358,0.0019177922204073588,0.001917792220407358,False,False
evaluation,BASE,2021-01-11,2021-01-04,2021-01-04,0.010866392842450629,0.010866392842450633,0.010866392842450629,False,False
evaluation,BASE,2021-01-12,2021-01-04,2021-01-04,-0.017129628551627314,-0.017129628551627314,-0.017129628551627314,False,False
evaluation,BASE,2021-01-13,2021-01-04,2021-01-04,-0.013659333737987242,-0.013659333737987242,-0.013659333737987242,False,False
evaluation,BASE,2021-02-03,2021-02-01,2021-02-01,0.05240126905321351,0.0524012690532135,0.05240126905321351,False,False
evaluation,BASE,2021-02-04,2021-02-01,2021-02-01,0.0541359621126707,0.05413596211267069,0.0541359621126707,False,False
evaluation,BASE,2021-02-05,2021-02-01,2021-02-01,0.05056999032314606,0.05056999032314606,0.05056999032314606,False,False
evaluation,BASE,2021-02-08,2021-02-01,2021-02-01,0.03605478917852625,0.03605478917852625,0.03605478917852625,False,False
evaluation,BASE,2021-02-09,2021-02-01,2021-02-01,0.014991023651560404,0.014991023651560404,0.014991023651560404,False,False
evaluation,BASE,2021-02-10,2021-02-01,2021-02-01,-0.005678376657769536,-0.005678376657769536,-0.005678376657769536,False,False
evaluation,BASE,2021-02-18,2021-02-01,2021-02-01,-0.0006687352085144229,-0.0006687352085144229,-0.0006687352085144229,False,False
evaluation,BASE,2021-06-08,2021-06-01,2021-06-01,0.06852377784622732,0.06852377784622733,0.06852377784622732,False,False
evaluation,BASE,2021-06-09,2021-06-01,2021-06-01,0.06512379194044259,0.06512379194044259,0.06512379194044259,False,False
evaluation,BASE,2021-06-10,2021-06-01,2021-06-01,0.05637382954901088,0.05637382954901087,0.05637382954901088,False,False
evaluation,BASE,2021-06-11,2021-06-01,2021-06-01,0.06651469092746035,0.06651469092746035,0.06651469092746035,False,False
evaluation,BASE,2021-06-15,2021-06-01,2021-06-01,0.07688746430732361,0.07688746430732361,0.07688746430732361,False,False
evaluation,BASE,2021-06-16,2021-06-01,2021-06-01,0.08818103642644039,0.0881810364264404,0.08818103642644039,False,False
evaluation,BASE,2021-06-17,2021-06-01,2021-06-01,0.08515955012204818,0.08515955012204816,0.08515955012204818,False,False
evaluation,BASE,2021-06-18,2021-06-01,2021-06-01,0.08387080816895003,0.08387080816895003,0.08387080816895003,False,False
evaluation,BASE,2021-06-21,2021-06-01,2021-06-01,0.08340431844928675,0.08340431844928674,0.08340431844928675,False,False
evaluation,BASE,2021-06-22,2021-06-01,2021-06-01,0.0786982427756208,0.0786982427756208,0.0786982427756208,False,False
evaluation,BASE,2021-06-23,2021-06-01,2021-06-01,0.07697404580746245,0.07697404580746245,0.07697404580746245,False,False
evaluation,BASE,2021-06-24,2021-06-01,2021-06-01,0.07423377276376492,0.07423377276376492,0.07423377276376492,False,False
evaluation,BASE,2021-06-25,2021-06-01,2021-06-01,0.05963184067583819,0.05963184067583819,0.05963184067583819,False,False
evaluation,BASE,2021-06-28,2021-06-01,2021-06-01,0.057370008523574094,0.05737000852357409,0.057370008523574094,False,False
evaluation,BASE,2021-06-29,2021-06-01,2021-06-01,0.06648094348578056,0.06648094348578056,0.06648094348578056,False,False
evaluation,BASE,2021-06-30,2021-06-01,2021-06-01,0.06085649406843648,0.06085649406843648,0.06085649406843648,False,False
evaluation,BASE,2021-07-01,2021-06-01,2021-07-01,0.060151557164881304,0.0601515571648813,0.060151557164881304,False,False
evaluation,BASE,2021-07-02,2021-06-01,2021-07-01,0.08313841155994188,0.08313841155994188,0.08313841155994188,False,False
evaluation,BASE,2021-07-05,2021-06-01,2021-07-01,0.08223675167821806,0.08223675167821805,0.08223675167821806,False,False
evaluation,BASE,2021-07-06,2021-06-01,2021-07-01,0.08043296126728311,0.08043296126728311,0.08043296126728311,False,False
evaluation,BASE,2021-07-07,2021-06-01,2021-07-01,0.06995429054565588,0.06995429054565588,0.06995429054565588,False,False
evaluation,BASE,2021-07-08,2021-06-01,2021-07-01,0.07739332665699199,0.07739332665699197,0.07739332665699199,False,False
evaluation,BASE,2021-07-09,2021-06-01,2021-07-01,0.08171359295953191,0.08171359295953191,0.08171359295953191,False,False
evaluation,BASE,2021-07-12,2021-06-01,2021-07-01,0.06840504903955337,0.06840504903955337,0.06840504903955337,False,False
evaluation,BASE,2021-07-13,2021-06-01,2021-07-01,0.06424687641389691,0.06424687641389693,0.06424687641389691,False,False
evaluation,BASE,2021-07-14,2021-06-01,2021-07-01,0.0726805377730864,0.0726805377730864,0.0726805377730864,False,False
evaluation,BASE,2021-07-15,2021-06-01,2021-07-01,0.06044694687353995,0.06044694687353994,0.06044694687353995,False,False
evaluation,BASE,2021-07-16,2021-06-01,2021-07-01,0.06905288457228072,0.06905288457228072,0.06905288457228072,False,False
evaluation,BASE,2021-07-19,2021-06-01,2021-07-01,0.06486103934286373,0.06486103934286373,0.06486103934286373,False,False
evaluation,BASE,2021-10-29,2021-10-08,2021-10-08,0.03718503131151614,0.03718503131151613,0.03718503131151614,False,False
evaluation,BASE,2021-11-01,2021-10-08,2021-11-01,0.0386493127487203,0.0386493127487203,0.0386493127487203,False,False
evaluation,BASE,2021-11-02,2021-10-08,2021-11-01,0.04673692977313213,0.04673692977313214,0.04673692977313213,False,False
evaluation,BASE,2021-11-03,2021-10-08,2021-11-01,0.048625480271174255,0.048625480271174255,0.048625480271174255,False,False
evaluation,BASE,2021-11-04,2021-10-08,2021-11-01,0.039162703388782936,0.03916270338878294,0.039162703388782936,False,False
evaluation,BASE,2021-11-05,2021-10-08,2021-11-01,0.042668770281009454,0.042668770281009454,0.042668770281009454,False,False
evaluation,BASE,2021-11-08,2021-10-08,2021-11-01,0.04266915582782555,0.04266915582782555,0.04266915582782555,False,False
evaluation,BASE,2021-11-09,2021-10-08,2021-11-01,0.04141806468611564,0.04141806468611564,0.04141806468611564,False,False
evaluation,BASE,2021-11-10,2021-10-08,2021-11-01,0.04631169145760515,0.046311691457605164,0.04631169145760515,False,False
evaluation,BASE,2021-11-11,2021-10-08,2021-11-01,0.03069562570502108,0.03069562570502108,0.03069562570502108,False,False
evaluation,BASE,2021-11-12,2021-10-08,2021-11-01,0.0309352458107656,0.0309352458107656,0.0309352458107656,False,False
evaluation,BASE,2021-11-15,2021-10-08,2021-11-01,0.03058671604711668,0.03058671604711668,0.03058671604711668,False,False
evaluation,BASE,2021-11-16,2021-10-08,2021-11-01,0.031635179461764765,0.031635179461764765,0.031635179461764765,False,False
evaluation,BASE,2021-11-17,2021-10-08,2021-11-01,0.031157563423616676,0.031157563423616676,0.031157563423616676,False,False
evaluation,BASE,2021-11-18,2021-10-08,2021-11-01,0.0395589010798157,0.0395589010798157,0.0395589010798157,False,False
evaluation,BASE,2021-11-19,2021-10-08,2021-11-01,0.029523667083777676,0.02952366708377767,0.029523667083777676,False,False
evaluation,BASE,2021-11-22,2021-10-08,2021-11-01,0.02703149746146615,0.02703149746146616,0.02703149746146615,False,False
evaluation,BASE,2021-11-23,2021-10-08,2021-11-01,0.025877934099264845,0.025877934099264845,0.025877934099264845,False,False
evaluation,BASE,2021-11-24,2021-10-08,2021-11-01,0.02242998185584759,0.02242998185584759,0.02242998185584759,False,False
evaluation,BASE,2021-11-25,2021-10-08,2021-11-01,0.025219653132357057,0.025219653132357057,0.025219653132357057,False,False
evaluation,BASE,2021-11-26,2021-10-08,2021-11-01,0.03341089978761952,0.03341089978761951,0.03341089978761952,False,False
evaluation,BASE,2021-11-29,2021-10-08,2021-11-01,0.0341942129168525,0.0341942129168525,0.0341942129168525,False,False
evaluation,BASE,2021-11-30,2021-10-08,2021-11-01,0.03637202173506878,0.03637202173506878,0.03637202173506878,False,False
evaluation,BASE,2021-12-01,2021-10-08,2021-12-01,0.03336485687209655,0.03336485687209656,0.03336485687209655,False,False
evaluation,BASE,2021-12-02,2021-10-08,2021-12-01,0.031923810991642806,0.031923810991642806,0.031923810991642806,False,False
evaluation,BASE,2021-12-03,2021-10-08,2021-12-01,0.02296841955368726,0.022968419553687263,0.02296841955368726,False,False
evaluation,BASE,2021-12-06,2021-10-08,2021-12-01,0.02358951810017082,0.02358951810017082,0.02358951810017082,False,False
evaluation,BASE,2021-12-07,2021-10-08,2021-12-01,0.018127513338651598,0.018127513338651598,0.018127513338651598,False,False
evaluation,BASE,2021-12-08,2021-10-08,2021-12-01,0.0047764064718933165,0.004776406471893318,0.0047764064718933165,False,False
evaluation,BASE,2021-12-09,2021-10-08,2021-12-01,-0.009008565985011404,-0.009008565985011404,-0.009008565985011404,False,False
evaluation,BASE,2022-05-13,2022-05-05,2022-05-05,0.05985639427444056,0.05985639427444056,0.05985639427444056,False,False
evaluation,BASE,2022-05-16,2022-05-05,2022-05-05,0.06413376925555075,0.06413376925555074,0.06413376925555075,False,False
evaluation,BASE,2022-05-17,2022-05-05,2022-05-05,0.05245682371724179,0.05245682371724179,0.05245682371724179,False,False
evaluation,BASE,2022-05-18,2022-05-05,2022-05-05,0.0544229768524617,0.05442297685246171,0.0544229768524617,False,False
evaluation,BASE,2022-05-19,2022-05-05,2022-05-05,0.050982966580428044,0.05098296658042805,0.050982966580428044,False,False
evaluation,BASE,2022-05-20,2022-05-05,2022-05-05,0.03149963413809054,0.03149963413809054,0.03149963413809054,False,False
evaluation,BASE,2022-05-23,2022-05-05,2022-05-05,0.03655258341070654,0.03655258341070653,0.03655258341070654,False,False
evaluation,BASE,2022-05-24,2022-05-05,2022-05-05,0.05318870823520614,0.053188708235206134,0.05318870823520614,False,False
evaluation,BASE,2022-05-25,2022-05-05,2022-05-05,0.04884762696182476,0.04884762696182476,0.04884762696182476,False,False
evaluation,BASE,2022-05-26,2022-05-05,2022-05-05,0.04149692183415443,0.041496921834154425,0.04149692183415443,False,False
evaluation,BASE,2022-05-27,2022-05-05,2022-05-05,0.03814179485267425,0.03814179485267425,0.03814179485267425,False,False
evaluation,BASE,2022-05-30,2022-05-05,2022-05-05,0.034125418961118925,0.034125418961118925,0.034125418961118925,False,False
evaluation,BASE,2022-05-31,2022-05-05,2022-05-05,0.01972767046710055,0.01972767046710055,0.01972767046710055,False,False
evaluation,BASE,2022-06-01,2022-05-05,2022-06-01,0.022225415973960806,0.022225415973960806,0.022225415973960806,False,False
evaluation,BASE,2022-06-02,2022-05-05,2022-06-01,0.019062046126287847,0.019062046126287847,0.019062046126287847,False,False
evaluation,BASE,2022-06-06,2022-05-05,2022-06-01,-0.0011807497045533367,-0.0011807497045533384,-0.0011807497045533367,False,False
evaluation,BASE,2022-06-07,2022-05-05,2022-06-01,-0.0035449015127913615,-0.0035449015127913615,-0.0035449015127913615,False,False
evaluation,BASE,2022-08-10,2022-08-01,2022-08-01,0.05188148868744236,0.051881488687442356,0.05188148868744236,False,False
evaluation,BASE,2022-08-11,2022-08-01,2022-08-01,0.031479183066281724,0.031479183066281724,0.031479183066281724,False,False
evaluation,BASE,2022-08-12,2022-08-01,2022-08-01,0.028673878774414123,0.028673878774414123,0.028673878774414123,False,False
evaluation,BASE,2022-08-15,2022-08-01,2022-08-01,0.03037334294421605,0.03037334294421605,0.03037334294421605,False,False
evaluation,BASE,2022-08-16,2022-08-01,2022-08-01,0.031207485693162715,0.031207485693162722,0.031207485693162715,False,False
evaluation,BASE,2022-08-17,2022-08-01,2022-08-01,0.021876696854142993,0.02187669685414299,0.021876696854142993,False,False
evaluation,BASE,2022-08-18,2022-08-01,2022-08-01,0.02849754069958181,0.02849754069958181,0.02849754069958181,False,False
evaluation,BASE,2022-08-19,2022-08-01,2022-08-01,0.03444600121058334,0.034446001210583346,0.03444600121058334,False,False
evaluation,BASE,2022-08-22,2022-08-01,2022-08-01,0.027710197325466618,0.027710197325466618,0.027710197325466618,False,False
evaluation,BASE,2022-08-23,2022-08-01,2022-08-01,0.030672036922568528,0.030672036922568528,0.030672036922568528,False,False
evaluation,BASE,2022-08-24,2022-08-01,2022-08-01,0.04666904430218179,0.046669044302181786,0.04666904430218179,False,False
evaluation,BASE,2022-08-25,2022-08-01,2022-08-01,0.03843532760215737,0.03843532760215737,0.03843532760215737,False,False
evaluation,BASE,2022-08-26,2022-08-01,2022-08-01,0.038156406336440574,0.038156406336440574,0.038156406336440574,False,False
evaluation,BASE,2022-08-29,2022-08-01,2022-08-01,0.04353243264700976,0.04353243264700976,0.04353243264700976,False,False
evaluation,BASE,2022-08-30,2022-08-01,2022-08-01,0.043730980176922785,0.043730980176922785,0.043730980176922785,False,False
evaluation,BASE,2022-08-31,2022-08-01,2022-08-01,0.042450335341457306,0.04245033534145731,0.042450335341457306,False,False
evaluation,BASE,2024-02-19,2024-02-01,2024-02-01,0.01998613262146736,0.01998613262146736,0.01998613262146736,False,False
evaluation,BASE,2024-02-20,2024-02-01,2024-02-01,0.014746123950713586,0.014746123950713582,0.014746123950713586,False,False
evaluation,BASE,2024-02-21,2024-02-01,2024-02-01,0.0033547216389014627,0.0033547216389014627,0.0033547216389014627,False,False
evaluation,BASE,2024-06-18,2024-06-03,2024-06-03,0.011326232511456612,0.011326232511456612,0.011326232511456612,False,False
evaluation,BASE,2024-06-19,2024-06-03,2024-06-03,0.011544155481999087,0.011544155481999087,0.011544155481999087,False,False
evaluation,BASE,2024-06-20,2024-06-03,2024-06-03,0.015908956081986624,0.015908956081986624,0.015908956081986624,False,False
evaluation,BASE,2024-06-21,2024-06-03,2024-06-03,0.015936906163455406,0.015936906163455403,0.015936906163455406,False,False
evaluation,BASE,2024-06-24,2024-06-03,2024-06-03,0.018945827822584253,0.018945827822584253,0.018945827822584253,False,False
evaluation,BASE,2024-06-25,2024-06-03,2024-06-03,0.02359934210662182,0.02359934210662182,0.02359934210662182,False,False
evaluation,BASE,2024-06-26,2024-06-03,2024-06-03,0.017374841144455665,0.017374841144455665,0.017374841144455665,False,False
evaluation,BASE,2024-06-27,2024-06-03,2024-06-03,0.02162579956974862,0.021625799569748614,0.02162579956974862,False,False
evaluation,BASE,2024-06-28,2024-06-03,2024-06-03,0.019182159288488283,0.019182159288488283,0.019182159288488283,False,False
evaluation,BASE,2024-07-01,2024-06-03,2024-07-01,0.015000532345043418,0.015000532345043418,0.015000532345043418,False,False
evaluation,BASE,2024-07-02,2024-06-03,2024-07-01,0.015809909224539093,0.015809909224539093,0.015809909224539093,False,False
evaluation,BASE,2024-07-03,2024-06-03,2024-07-01,0.0169989446462593,0.0169989446462593,0.0169989446462593,False,False
evaluation,BASE,2024-07-04,2024-06-03,2024-07-01,0.020361269997363773,0.020361269997363773,0.020361269997363773,False,False
evaluation,BASE,2024-07-05,2024-06-03,2024-07-01,0.02438510383398514,0.02438510383398514,0.02438510383398514,False,False
evaluation,BASE,2024-07-08,2024-06-03,2024-07-01,0.030096961507145265,0.030096961507145272,0.030096961507145265,False,False
evaluation,BASE,2024-07-09,2024-06-03,2024-07-01,0.020261940496337536,0.020261940496337536,0.020261940496337536,False,False
evaluation,BASE,2024-07-10,2024-06-03,2024-07-01,0.022019717759422405,0.022019717759422405,0.022019717759422405,False,False
evaluation,BASE,2024-07-11,2024-06-03,2024-07-01,0.01005105707449487,0.01005105707449487,0.01005105707449487,False,False
evaluation,BASE,2024-07-12,2024-06-03,2024-07-01,0.007347835797140205,0.007347835797140205,0.007347835797140205,False,False
evaluation,BASE,2024-07-15,2024-06-03,2024-07-01,0.005248068295689641,0.0052480682956896375,0.005248068295689641,False,False
evaluation,BASE,2024-07-16,2024-06-03,2024-07-01,-0.0011996421670720653,-0.0011996421670720635,-0.0011996421670720653,False,False
evaluation,BASE,2024-08-02,2024-08-01,2024-08-01,0.022699152910833534,0.022699152910833527,0.022699152910833534,False,False
evaluation,BASE,2024-08-27,2024-08-01,2024-08-01,0.028001343041404073,0.028001343041404073,0.028001343041404073,False,False
evaluation,BASE,2024-08-28,2024-08-01,2024-08-01,0.03306223365472868,0.03306223365472868,0.03306223365472868,False,False
evaluation,BASE,2024-08-29,2024-08-01,2024-08-01,0.035186395238319894,0.03518639523831989,0.035186395238319894,False,False
evaluation,BASE,2024-08-30,2024-08-01,2024-08-01,0.02279794074439183,0.02279794074439183,0.02279794074439183,False,False
evaluation,BASE,2024-09-02,2024-08-01,2024-09-02,0.03826575722152754,0.03826575722152754,0.03826575722152754,False,False
evaluation,BASE,2024-09-03,2024-08-01,2024-09-02,0.034796960394756826,0.034796960394756826,0.034796960394756826,False,False
evaluation,BASE,2024-09-04,2024-08-01,2024-09-02,0.040048002108415796,0.040048002108415796,0.040048002108415796,False,False
evaluation,BASE,2024-09-05,2024-08-01,2024-09-02,0.03793285655136939,0.03793285655136939,0.03793285655136939,False,False
evaluation,BASE,2024-09-06,2024-08-01,2024-09-02,0.04495748140616447,0.04495748140616448,0.04495748140616447,False,False
evaluation,BASE,2024-09-09,2024-08-01,2024-09-02,0.055677889596083455,0.05567788959608344,0.055677889596083455,False,False
evaluation,BASE,2024-09-10,2024-08-01,2024-09-02,0.05538138973921737,0.05538138973921737,0.05538138973921737,False,False
evaluation,BASE,2024-09-25,2024-09-02,2024-09-02,0.020619403356801125,0.020619403356801125,0.020619403356801125,False,False
evaluation,BASE,2024-09-26,2024-09-02,2024-09-02,-0.016004601280809275,-0.016004601280809275,-0.016004601280809275,False,False
evaluation,BASE,2025-04-10,2025-04-01,2025-04-01,0.030968536666233927,0.030968536666233927,0.030968536666233927,False,False
evaluation,BASE,2025-04-11,2025-04-01,2025-04-01,0.024957987283894652,0.024957987283894645,0.024957987283894652,False,False
evaluation,BASE,2025-04-14,2025-04-01,2025-04-01,0.01680313958560329,0.016803139585603283,0.01680313958560329,False,False
evaluation,BASE,2025-04-15,2025-04-01,2025-04-01,0.015293749189898394,0.015293749189898394,0.015293749189898394,False,False
evaluation,BASE,2025-04-16,2025-04-01,2025-04-01,0.012969537147475351,0.012969537147475355,0.012969537147475351,False,False
evaluation,BASE,2025-04-17,2025-04-01,2025-04-01,0.012782414991022447,0.012782414991022447,0.012782414991022447,False,False
evaluation,BASE,2025-04-18,2025-04-01,2025-04-01,0.009415697411594526,0.009415697411594526,0.009415697411594526,False,False
evaluation,BASE,2025-04-21,2025-04-01,2025-04-01,0.007601402201220051,0.007601402201220051,0.007601402201220051,False,False
evaluation,BASE,2025-06-03,2025-06-03,2025-06-03,0.022625176404879654,0.022625176404879654,0.022625176404879654,False,False
evaluation,BASE,2025-06-04,2025-06-03,2025-06-03,0.01628232817997214,0.016282328179972133,0.01628232817997214,False,False
evaluation,BASE,2025-06-05,2025-06-03,2025-06-03,0.012402487726684026,0.012402487726684022,0.012402487726684026,False,False
evaluation,BASE,2025-06-06,2025-06-03,2025-06-03,0.011354390484268916,0.011354390484268919,0.011354390484268916,False,False
evaluation,BASE,2025-06-09,2025-06-03,2025-06-03,0.007914446507106421,0.007914446507106421,0.007914446507106421,False,False
evaluation,BASE,2025-06-10,2025-06-03,2025-06-03,0.013430879222387632,0.013430879222387632,0.013430879222387632,False,False
evaluation,BASE,2025-06-11,2025-06-03,2025-06-03,0.004984389785160158,0.0049843897851601544,0.004984389785160158,False,False
evaluation,BASE,2025-06-12,2025-06-03,2025-06-03,0.005084182147917622,0.005084182147917622,0.005084182147917622,False,False
evaluation,BASE,2025-06-13,2025-06-03,2025-06-03,0.010587289401672622,0.010587289401672625,0.010587289401672622,False,False
evaluation,BASE,2025-06-16,2025-06-03,2025-06-03,0.007336000297123536,0.007336000297123536,0.007336000297123536,False,False
evaluation,BASE,2025-06-17,2025-06-03,2025-06-03,0.006377390615290544,0.006377390615290544,0.006377390615290544,False,False
evaluation,BASE,2025-06-18,2025-06-03,2025-06-03,0.006148429493526699,0.006148429493526699,0.006148429493526699,False,False
evaluation,BASE,2025-06-20,2025-06-03,2025-06-03,0.011245234656521545,0.011245234656521545,0.011245234656521545,False,False
evaluation,BASE,2025-06-23,2025-06-03,2025-06-03,0.0074251466467847305,0.007425146646784727,0.0074251466467847305,False,False
evaluation,BASE,2025-06-24,2025-06-03,2025-06-03,-0.0044206437667978615,-0.0044206437667978615,-0.0044206437667978615,False,False
evaluation,BASE,2025-12-19,2025-12-01,2025-12-01,0.02819478210526642,0.028194782105266412,0.02819478210526642,False,False
evaluation,BASE,2025-12-22,2025-12-01,2025-12-01,0.01687013668499838,0.016870136684998382,0.01687013668499838,False,False
evaluation,BASE,2025-12-23,2025-12-01,2025-12-01,0.012772441095381202,0.012772441095381205,0.012772441095381202,False,False
evaluation,BASE,2025-12-24,2025-12-01,2025-12-01,0.00993043986334756,0.009930439863347556,0.00993043986334756,False,False
evaluation,BASE,2025-12-25,2025-12-01,2025-12-01,0.006557156910315669,0.006557156910315672,0.006557156910315669,False,False
evaluation,BASE,2025-12-26,2025-12-01,2025-12-01,0.002803524104555974,0.002803524104555974,0.002803524104555974,False,False
evaluation,BASE,2025-12-29,2025-12-01,2025-12-01,0.008052670686147696,0.008052670686147696,0.008052670686147696,False,False
evaluation,BASE,2025-12-30,2025-12-01,2025-12-01,0.005277837985954443,0.005277837985954441,0.005277837985954443,False,False
evaluation,BASE,2025-12-31,2025-12-01,2025-12-01,0.009132254076526201,0.009132254076526205,0.009132254076526201,False,False
evaluation,BASE,2026-01-05,2025-12-01,2026-01-05,-0.00957492898065932,-0.009574928980659318,-0.00957492898065932,False,False
evaluation,BASE,2026-01-06,2025-12-01,2026-01-05,-0.02324638821846666,-0.02324638821846666,-0.02324638821846666,False,False
evaluation,BASE,2026-01-16,2026-01-05,2026-01-05,0.03361644688966143,0.033616446889661436,0.03361644688966143,False,False
evaluation,BASE,2026-01-19,2026-01-05,2026-01-05,0.030589372408017065,0.03058937240801707,0.030589372408017065,False,False
evaluation,BASE,2026-01-20,2026-01-05,2026-01-05,0.031388397039095746,0.03138839703909574,0.031388397039095746,False,False
evaluation,BASE,2026-01-21,2026-01-05,2026-01-05,0.028691156287578904,0.028691156287578904,0.028691156287578904,False,False
evaluation,BASE,2026-01-22,2026-01-05,2026-01-05,0.028371694584352975,0.028371694584352968,0.028371694584352975,False,False
evaluation,BASE,2026-01-23,2026-01-05,2026-01-05,0.03206179970432068,0.03206179970432069,0.03206179970432068,False,False
evaluation,BASE,2026-01-26,2026-01-05,2026-01-05,0.02966799387649301,0.02966799387649301,0.02966799387649301,False,False
evaluation,BASE,2026-01-27,2026-01-05,2026-01-05,0.029375568200971317,0.029375568200971317,0.029375568200971317,False,False
evaluation,BASE,2026-01-28,2026-01-05,2026-01-05,0.025585201950961273,0.025585201950961273,0.025585201950961273,False,False
evaluation,BASE,2026-01-29,2026-01-05,2026-01-05,0.015909556635501847,0.015909556635501847,0.015909556635501847,False,False
evaluation,BASE,2026-01-30,2026-01-05,2026-01-05,0.02649466137465684,0.026494661374656846,0.02649466137465684,False,False
evaluation,BASE,2026-02-02,2026-01-05,2026-02-02,0.05015529665751128,0.04940566137655227,0.04940566137655227,True,False
evaluation,BASE,2026-05-06,2026-05-06,2026-05-06,0.01015298797353141,0.010152987973531417,0.01015298797353141,False,False
evaluation,BASE,2026-05-07,2026-05-06,2026-05-06,0.002954331828079691,0.002954331828079691,0.002954331828079691,False,False
evaluation,BASE,2026-05-08,2026-05-06,2026-05-06,0.00594710876760559,0.005947108767605586,0.00594710876760559,False,False
evaluation,BASE,2026-05-11,2026-05-06,2026-05-06,-0.006088590742162242,-0.006088590742162242,-0.006088590742162242,False,False
evaluation,BASE,2026-05-12,2026-05-06,2026-05-06,-0.006729775905897455,-0.006729775905897454,-0.006729775905897455,False,False
evaluation,BASE,2026-06-05,2026-06-01,2026-06-01,0.03396687946501875,0.03396687946501875,0.03396687946501875,False,False
evaluation,BASE,2026-06-08,2026-06-01,2026-06-01,0.05228478405135091,0.05228478405135091,0.05228478405135091,False,False
evaluation,BASE,2026-06-09,2026-06-01,2026-06-01,0.032886895520892134,0.032886895520892134,0.032886895520892134,False,False
evaluation,BASE,2026-06-10,2026-06-01,2026-06-01,0.04126312394178998,0.04126312394178998,0.04126312394178998,False,False
evaluation,BASE,2026-06-11,2026-06-01,2026-06-01,0.0455666136949603,0.04556661369496029,0.0455666136949603,False,False
evaluation,BASE,2026-06-12,2026-06-01,2026-06-01,0.028389443361638535,0.02838944336163853,0.028389443361638535,False,False
evaluation,BASE,2026-06-15,2026-06-01,2026-06-01,0.004142257716441767,0.004142257716441769,0.004142257716441767,False,False
evaluation,BASE,2026-06-16,2026-06-01,2026-06-01,0.007051899673127127,0.007051899673127127,0.007051899673127127,False,False
evaluation,BASE,2026-06-17,2026-06-01,2026-06-01,-0.0031479747693129575,-0.0031479747693129567,-0.0031479747693129575,False,False
evaluation,BASE,2026-06-18,2026-06-01,2026-06-01,-0.009240074719545105,-0.009240074719545103,-0.009240074719545105,False,False
evaluation,BASE,2026-07-23,2026-07-01,2026-07-01,0.02334197300793688,0.02334197300793688,0.02334197300793688,False,False
evaluation,BASE,2026-07-24,2026-07-01,2026-07-01,0.034327116442756433,0.034327116442756433,0.034327116442756433,False,False
evaluation,BASE,2026-07-27,2026-07-01,2026-07-01,0.023055074782028204,0.023055074782028204,0.023055074782028204,False,False
evaluation,BASE,2026-07-28,2026-07-01,2026-07-01,0.050753154627936725,0.05075315462793674,0.050753154627936725,False,False
evaluation,BASE,2026-07-29,2026-07-01,2026-07-01,0.04237998802327457,0.04237998802327457,0.04237998802327457,False,False
evaluation,BASE,2026-08-06,2026-07-01,2026-08-03,0.023377285028825207,0.023908625448660042,0.023908625448660042,True,False
evaluation,BASE,2026-08-07,2026-07-01,2026-08-03,0.01416292227798055,0.014815380433602983,0.01481538043360298,True,False
evaluation,BASE,2026-08-10,2026-07-01,2026-08-03,0.010370288361996959,0.011000141633094932,0.011000141633094932,True,False
evaluation,BASE,2026-08-11,2026-07-01,2026-08-03,0.018803569589933865,0.019405781248142472,0.01940578124814247,True,False
evaluation,BASE,2026-08-12,2026-07-01,2026-08-03,0.01531013848671977,0.016019159687728008,0.01601915968772801,True,False
evaluation,BASE,2026-08-13,2026-07-01,2026-08-03,0.018180508378682302,0.01886036238211505,0.018860362382115047,True,False
evaluation,STRESS,2020-02-05,2020-02-03,2020-02-03,0.08287264277331156,0.08287264277331158,0.08287264277331156,False,False
evaluation,STRESS,2020-02-06,2020-02-03,2020-02-03,0.05841425748278398,0.05841425748278398,0.05841425748278398,False,False
evaluation,STRESS,2020-02-07,2020-02-03,2020-02-03,0.06072322875755187,0.06072322875755187,0.06072322875755187,False,False
evaluation,STRESS,2020-02-10,2020-02-03,2020-02-03,0.055751758208235844,0.055751758208235844,0.055751758208235844,False,False
evaluation,STRESS,2020-02-11,2020-02-03,2020-02-03,0.04352597513365984,0.04352597513365984,0.04352597513365984,False,False
evaluation,STRESS,2020-02-12,2020-02-03,2020-02-03,0.036896937989110395,0.036896937989110395,0.036896937989110395,False,False
evaluation,STRESS,2020-02-13,2020-02-03,2020-02-03,0.03936248423827629,0.03936248423827629,0.03936248423827629,False,False
evaluation,STRESS,2020-02-14,2020-02-03,2020-02-03,0.03404723132421669,0.03404723132421669,0.03404723132421669,False,False
evaluation,STRESS,2020-02-17,2020-02-03,2020-02-03,0.011782331628177541,0.011782331628177541,0.011782331628177541,False,False
evaluation,STRESS,2020-02-18,2020-02-03,2020-02-03,0.01878261710705203,0.01878261710705203,0.01878261710705203,False,False
evaluation,STRESS,2020-02-19,2020-02-03,2020-02-03,0.017384181402723752,0.017384181402723752,0.017384181402723752,False,False
evaluation,STRESS,2020-02-20,2020-02-03,2020-02-03,-0.006446239194077018,-0.0064462391940770195,-0.006446239194077018,False,False
evaluation,STRESS,2020-02-21,2020-02-03,2020-02-03,-0.01049817321082084,-0.01049817321082084,-0.01049817321082084,False,False
evaluation,STRESS,2020-07-01,2020-07-01,2020-07-01,0.03367518678086185,0.03367518678086185,0.03367518678086185,False,False
evaluation,STRESS,2020-07-02,2020-07-01,2020-07-01,0.009263718922937335,0.00926371892293734,0.009263718922937335,False,False
evaluation,STRESS,2020-07-03,2020-07-01,2020-07-01,-0.011979379872803338,-0.011979379872803338,-0.011979379872803338,False,False
evaluation,STRESS,2020-08-19,2020-08-03,2020-08-03,0.05139125060790552,0.051391250607905524,0.05139125060790552,False,False
evaluation,STRESS,2020-08-20,2020-08-03,2020-08-03,0.05828205649719721,0.058282056497197206,0.05828205649719721,False,False
evaluation,STRESS,2020-08-21,2020-08-03,2020-08-03,0.04552526448044976,0.045525264480449766,0.04552526448044976,False,False
evaluation,STRESS,2020-08-24,2020-08-03,2020-08-03,0.03956379259153732,0.03956379259153732,0.03956379259153732,False,False
evaluation,STRESS,2020-08-25,2020-08-03,2020-08-03,0.03792911975578451,0.037929119755784516,0.03792911975578451,False,False
evaluation,STRESS,2020-08-26,2020-08-03,2020-08-03,0.0526718086034841,0.0526718086034841,0.0526718086034841,False,False
evaluation,STRESS,2020-08-27,2020-08-03,2020-08-03,0.04416713415010759,0.04416713415010758,0.04416713415010759,False,False
evaluation,STRESS,2020-08-28,2020-08-03,2020-08-03,0.021172222331278592,0.021172222331278592,0.021172222331278592,False,False
evaluation,STRESS,2020-08-31,2020-08-03,2020-08-03,0.03117874460063662,0.03117874460063662,0.03117874460063662,False,False
evaluation,STRESS,2020-09-01,2020-08-03,2020-09-01,0.024430596335927066,0.024430596335927066,0.024430596335927066,False,False
evaluation,STRESS,2020-09-02,2020-08-03,2020-09-01,0.02491459645041761,0.024914596450417603,0.02491459645041761,False,False
evaluation,STRESS,2020-09-03,2020-08-03,2020-09-01,0.028162618421155895,0.028162618421155906,0.028162618421155895,False,False
evaluation,STRESS,2020-09-04,2020-08-03,2020-09-01,0.0375052716541865,0.03750527165418651,0.0375052716541865,False,False
evaluation,STRESS,2020-09-07,2020-08-03,2020-09-01,0.055994321916900396,0.05599432191690039,0.055994321916900396,False,False
evaluation,STRESS,2020-09-08,2020-08-03,2020-09-01,0.05020587171022426,0.05020587171022427,0.05020587171022426,False,False
evaluation,STRESS,2020-09-09,2020-08-03,2020-09-01,0.07024954278630988,0.07024954278630988,0.07024954278630988,False,False
evaluation,STRESS,2020-09-10,2020-08-03,2020-09-01,0.06903160098430489,0.06903160098430489,0.06903160098430489,False,False
evaluation,STRESS,2020-09-11,2020-08-03,2020-09-01,0.06470782557971955,0.06470782557971955,0.06470782557971955,False,False
evaluation,STRESS,2020-09-14,2020-08-03,2020-09-01,0.06237343734438903,0.06237343734438903,0.06237343734438903,False,False
evaluation,STRESS,2020-09-15,2020-08-03,2020-09-01,0.055479249006676584,0.055479249006676584,0.055479249006676584,False,False
evaluation,STRESS,2020-09-16,2020-08-03,2020-09-01,0.05906073564610507,0.059060735646105075,0.05906073564610507,False,False
evaluation,STRESS,2020-09-17,2020-08-03,2020-09-01,0.0634631303961038,0.0634631303961038,0.0634631303961038,False,False
evaluation,STRESS,2020-09-18,2020-08-03,2020-09-01,0.040675464345517,0.040675464345517,0.040675464345517,False,False
evaluation,STRESS,2020-09-21,2020-08-03,2020-09-01,0.05205129501195565,0.05205129501195565,0.05205129501195565,False,False
evaluation,STRESS,2020-09-22,2020-08-03,2020-09-01,0.06326902710492927,0.06326902710492927,0.06326902710492927,False,False
evaluation,STRESS,2020-09-23,2020-08-03,2020-09-01,0.05922556392445603,0.05922556392445602,0.05922556392445603,False,False
evaluation,STRESS,2020-09-24,2020-08-03,2020-09-01,0.0748561013827686,0.07485610138276858,0.0748561013827686,False,False
evaluation,STRESS,2020-09-25,2020-08-03,2020-09-01,0.07827145834253249,0.07827145834253249,0.07827145834253249,False,False
evaluation,STRESS,2020-09-28,2020-08-03,2020-09-01,0.07527878240214506,0.07527878240214506,0.07527878240214506,False,False
evaluation,STRESS,2021-01-05,2021-01-04,2021-01-04,0.03339648473206686,0.03339648473206686,0.03339648473206686,False,False
evaluation,STRESS,2021-01-06,2021-01-04,2021-01-04,0.022072116104977564,0.022072116104977564,0.022072116104977564,False,False
evaluation,STRESS,2021-01-07,2021-01-04,2021-01-04,-0.00101345530785128,-0.00101345530785128,-0.00101345530785128,False,False
evaluation,STRESS,2021-01-08,2021-01-04,2021-01-04,0.0024486336613889813,0.002448633661388982,0.0024486336613889813,False,False
evaluation,STRESS,2021-01-11,2021-01-04,2021-01-04,0.011391231229980155,0.011391231229980155,0.011391231229980155,False,False
evaluation,STRESS,2021-01-12,2021-01-04,2021-01-04,-0.016589544314060588,-0.016589544314060588,-0.016589544314060588,False,False
evaluation,STRESS,2021-01-13,2021-01-04,2021-01-04,-0.013121345804800703,-0.013121345804800703,-0.013121345804800703,False,False
evaluation,STRESS,2021-02-03,2021-02-01,2021-02-01,0.05290272286970328,0.052902722869703274,0.05290272286970328,False,False
evaluation,STRESS,2021-02-04,2021-02-01,2021-02-01,0.05463641027884485,0.054636410278844846,0.05463641027884485,False,False
evaluation,STRESS,2021-02-05,2021-02-01,2021-02-01,0.051071169871368005,0.051071169871368005,0.051071169871368005,False,False
evaluation,STRESS,2021-02-08,2021-02-01,2021-02-01,0.036555930680543386,0.03655593068054338,0.036555930680543386,False,False
evaluation,STRESS,2021-02-09,2021-02-01,2021-02-01,0.015504616995003289,0.015504616995003287,0.015504616995003289,False,False
evaluation,STRESS,2021-02-10,2021-02-01,2021-02-01,-0.0051544067798052155,-0.0051544067798052155,-0.0051544067798052155,False,False
evaluation,STRESS,2021-02-18,2021-02-01,2021-02-01,-0.00014864525215397932,-0.00014864525215397932,-0.00014864525215397932,False,False
evaluation,STRESS,2021-06-08,2021-06-01,2021-06-01,0.0690360109402932,0.0690360109402932,0.0690360109402932,False,False
evaluation,STRESS,2021-06-09,2021-06-01,2021-06-01,0.06563680602645672,0.06563680602645672,0.06563680602645672,False,False
evaluation,STRESS,2021-06-10,2021-06-01,2021-06-01,0.05689016285080517,0.05689016285080517,0.05689016285080517,False,False
evaluation,STRESS,2021-06-11,2021-06-01,2021-06-01,0.06702624065357143,0.06702624065357143,0.06702624065357143,False,False
evaluation,STRESS,2021-06-15,2021-06-01,2021-06-01,0.07739325421781633,0.07739325421781633,0.07739325421781633,False,False
evaluation,STRESS,2021-06-16,2021-06-01,2021-06-01,0.08867989503339227,0.08867989503339227,0.08867989503339227,False,False
evaluation,STRESS,2021-06-17,2021-06-01,2021-06-01,0.08565948259292891,0.0856594825929289,0.08565948259292891,False,False
evaluation,STRESS,2021-06-18,2021-06-01,2021-06-01,0.08437122875979852,0.08437122875979852,0.08437122875979852,False,False
evaluation,STRESS,2021-06-21,2021-06-01,2021-06-01,0.08390405567218044,0.08390405567218044,0.08390405567218044,False,False
evaluation,STRESS,2021-06-22,2021-06-01,2021-06-01,0.07920051822234633,0.07920051822234632,0.07920051822234633,False,False
evaluation,STRESS,2021-06-23,2021-06-01,2021-06-01,0.0774793475979875,0.07747934759798748,0.0774793475979875,False,False
evaluation,STRESS,2021-06-24,2021-06-01,2021-06-01,0.0747403436662059,0.0747403436662059,0.0747403436662059,False,False
evaluation,STRESS,2021-06-25,2021-06-01,2021-06-01,0.06014631912175537,0.06014631912175537,0.06014631912175537,False,False
evaluation,STRESS,2021-06-28,2021-06-01,2021-06-01,0.05788536558543303,0.05788536558543302,0.05788536558543303,False,False
evaluation,STRESS,2021-06-29,2021-06-01,2021-06-01,0.06699102885198874,0.06699102885198874,0.06699102885198874,False,False
evaluation,STRESS,2021-06-30,2021-06-01,2021-06-01,0.06136960577844418,0.06136960577844418,0.06136960577844418,False,False
evaluation,STRESS,2021-07-01,2021-06-01,2021-07-01,0.06066447362690197,0.06066447362690197,0.06066447362690197,False,False
evaluation,STRESS,2021-07-02,2021-06-01,2021-07-01,0.08363756303887435,0.08363756303887433,0.08363756303887435,False,False
evaluation,STRESS,2021-07-05,2021-06-01,2021-07-01,0.08273658652510524,0.08273658652510524,0.08273658652510524,False,False
evaluation,STRESS,2021-07-06,2021-06-01,2021-07-01,0.08093347948212508,0.08093347948212508,0.08093347948212508,False,False
evaluation,STRESS,2021-07-07,2021-06-01,2021-07-01,0.07045998283215504,0.07045998283215504,0.07045998283215504,False,False
evaluation,STRESS,2021-07-08,2021-06-01,2021-07-01,0.07789472348777568,0.07789472348777568,0.07789472348777568,False,False
evaluation,STRESS,2021-07-09,2021-06-01,2021-07-01,0.08221264681447082,0.08221264681447082,0.08221264681447082,False,False
evaluation,STRESS,2021-07-12,2021-06-01,2021-07-01,0.06891074132605254,0.06891074132605254,0.06891074132605254,False,False
evaluation,STRESS,2021-07-13,2021-06-01,2021-07-01,0.06475413068429262,0.06475413068429262,0.06475413068429262,False,False
evaluation,STRESS,2021-07-14,2021-06-01,2021-07-01,0.07318222747585061,0.07318222747585061,0.07318222747585061,False,False
evaluation,STRESS,2021-07-15,2021-06-01,2021-07-01,0.06095527500786449,0.06095527500786448,0.06095527500786449,False,False
evaluation,STRESS,2021-07-16,2021-06-01,2021-07-01,0.0695562338829351,0.06955623388293508,0.0695562338829351,False,False
evaluation,STRESS,2021-07-19,2021-06-01,2021-07-01,0.06536653638137588,0.06536653638137586,0.06536653638137588,False,False
evaluation,STRESS,2021-10-29,2021-10-08,2021-10-08,0.03760603829868992,0.037606038298689914,0.03760603829868992,False,False
evaluation,STRESS,2021-11-01,2021-10-08,2021-11-01,0.039068967374562044,0.039068967374562044,0.039068967374562044,False,False
evaluation,STRESS,2021-11-02,2021-10-08,2021-11-01,0.04715218922464476,0.047152189224644765,0.04715218922464476,False,False
evaluation,STRESS,2021-11-03,2021-10-08,2021-11-01,0.04903904927102184,0.04903904927102184,0.04903904927102184,False,False
evaluation,STRESS,2021-11-04,2021-10-08,2021-11-01,0.03958024495004332,0.03958024495004333,0.03958024495004332,False,False
evaluation,STRESS,2021-11-05,2021-10-08,2021-11-01,0.043084874958354565,0.043084874958354565,0.043084874958354565,False,False
evaluation,STRESS,2021-11-08,2021-10-08,2021-11-01,0.043084922414837655,0.043084922414837655,0.043084922414837655,False,False
evaluation,STRESS,2021-11-09,2021-10-08,2021-11-01,0.041833662227961275,0.04183366222796128,0.041833662227961275,False,False
evaluation,STRESS,2021-11-10,2021-10-08,2021-11-01,0.0467251759348695,0.04672517593486951,0.0467251759348695,False,False
evaluation,STRESS,2021-11-11,2021-10-08,2021-11-01,0.03111587198894554,0.031115871988945533,0.03111587198894554,False,False
evaluation,STRESS,2021-11-12,2021-10-08,2021-11-01,0.03135532304952359,0.03135532304952359,0.03135532304952359,False,False
evaluation,STRESS,2021-11-15,2021-10-08,2021-11-01,0.031006286150375116,0.03100628615037511,0.031006286150375116,False,False
evaluation,STRESS,2021-11-16,2021-10-08,2021-11-01,0.03205441147469012,0.03205441147469012,0.03205441147469012,False,False
evaluation,STRESS,2021-11-17,2021-10-08,2021-11-01,0.031576710913958875,0.031576710913958875,0.031576710913958875,False,False
evaluation,STRESS,2021-11-18,2021-10-08,2021-11-01,0.039974329576494876,0.039974329576494876,0.039974329576494876,False,False
evaluation,STRESS,2021-11-19,2021-10-08,2021-11-01,0.02994374432253566,0.02994374432253566,0.02994374432253566,False,False
evaluation,STRESS,2021-11-22,2021-10-08,2021-11-01,0.02745267349380641,0.02745267349380641,0.02745267349380641,False,False
evaluation,STRESS,2021-11-23,2021-10-08,2021-11-01,0.026299363699354865,0.026299363699354872,0.026299363699354865,False,False
evaluation,STRESS,2021-11-24,2021-10-08,2021-11-01,0.02285234120435341,0.02285234120435341,0.02285234120435341,False,False
evaluation,STRESS,2021-11-25,2021-10-08,2021-11-01,0.025640406551780917,0.02564040655178091,0.025640406551780917,False,False
evaluation,STRESS,2021-11-26,2021-10-08,2021-11-01,0.033828103258546974,0.03382810325854697,0.033828103258546974,False,False
evaluation,STRESS,2021-11-29,2021-10-08,2021-11-01,0.03461082472969717,0.03461082472969716,0.03461082472969717,False,False
evaluation,STRESS,2021-11-30,2021-10-08,2021-11-01,0.03678711214141488,0.03678711214141487,0.03678711214141488,False,False
evaluation,STRESS,2021-12-01,2021-10-08,2021-12-01,0.0337810460720249,0.03378104607202491,0.0337810460720249,False,False
evaluation,STRESS,2021-12-02,2021-10-08,2021-12-01,0.032340845417403716,0.032340845417403716,0.032340845417403716,False,False
evaluation,STRESS,2021-12-03,2021-10-08,2021-12-01,0.023389257495694416,0.02338925749569442,0.023389257495694416,False,False
evaluation,STRESS,2021-12-06,2021-10-08,2021-12-01,0.02400993342926174,0.02400993342926174,0.02400993342926174,False,False
evaluation,STRESS,2021-12-07,2021-10-08,2021-12-01,0.01855029530007366,0.018550295300073665,0.01855029530007366,False,False
evaluation,STRESS,2021-12-08,2021-10-08,2021-12-01,0.005205274059309392,0.0052052740593093935,0.005205274059309392,False,False
evaluation,STRESS,2021-12-09,2021-10-08,2021-12-01,-0.008572598500602215,-0.008572598500602215,-0.008572598500602215,False,False
evaluation,STRESS,2022-05-13,2022-05-05,2022-05-05,0.06036539183055728,0.06036539183055728,0.06036539183055728,False,False
evaluation,STRESS,2022-05-16,2022-05-05,2022-05-05,0.06463880424907592,0.06463880424907592,0.06463880424907592,False,False
evaluation,STRESS,2022-05-17,2022-05-05,2022-05-05,0.05294553877478017,0.05294553877478017,0.05294553877478017,False,False
evaluation,STRESS,2022-05-18,2022-05-05,2022-05-05,0.05490998140729869,0.0549099814072987,0.05490998140729869,False,False
evaluation,STRESS,2022-05-19,2022-05-05,2022-05-05,0.051471070744144455,0.05147107074414446,0.051471070744144455,False,False
evaluation,STRESS,2022-05-20,2022-05-05,2022-05-05,0.031998001318015314,0.031998001318015314,0.031998001318015314,False,False
evaluation,STRESS,2022-05-23,2022-05-05,2022-05-05,0.03704704087017099,0.03704704087017099,0.03704704087017099,False,False
evaluation,STRESS,2022-05-24,2022-05-05,2022-05-05,0.053673147035991,0.053673147035990985,0.053673147035991,False,False
evaluation,STRESS,2022-05-25,2022-05-05,2022-05-05,0.04933414280160419,0.04933414280160419,0.04933414280160419,False,False
evaluation,STRESS,2022-05-26,2022-05-05,2022-05-05,0.04198465946157773,0.04198465946157772,0.04198465946157773,False,False
evaluation,STRESS,2022-05-27,2022-05-05,2022-05-05,0.03863075426774147,0.03863075426774147,0.03863075426774147,False,False
evaluation,STRESS,2022-05-30,2022-05-05,2022-05-05,0.03461718848776697,0.03461718848776697,0.03461718848776697,False,False
evaluation,STRESS,2022-05-31,2022-05-05,2022-05-05,0.020227259434669097,0.020227259434669097,0.020227259434669097,False,False
evaluation,STRESS,2022-06-01,2022-05-05,2022-06-01,0.022724271868943127,0.022724271868943127,0.022724271868943127,False,False
evaluation,STRESS,2022-06-02,2022-05-05,2022-06-01,0.019562245987678365,0.019562245987678365,0.019562245987678365,False,False
evaluation,STRESS,2022-06-06,2022-05-05,2022-06-01,-0.0006705311844833091,-0.0006705311844833108,-0.0006705311844833091,False,False
evaluation,STRESS,2022-06-07,2022-05-05,2022-06-01,-0.0030339499201349446,-0.003033949920134945,-0.0030339499201349446,False,False
evaluation,STRESS,2022-08-10,2022-08-01,2022-08-01,0.0523683219773908,0.052368321977390796,0.0523683219773908,False,False
evaluation,STRESS,2022-08-11,2022-08-01,2022-08-01,0.03195434295846924,0.031954342958469245,0.03195434295846924,False,False
evaluation,STRESS,2022-08-12,2022-08-01,2022-08-01,0.02914915036380248,0.029149150363802473,0.02914915036380248,False,False
evaluation,STRESS,2022-08-15,2022-08-01,2022-08-01,0.030847497561596417,0.030847497561596424,0.030847497561596417,False,False
evaluation,STRESS,2022-08-16,2022-08-01,2022-08-01,0.03168052333853495,0.03168052333853495,0.03168052333853495,False,False
evaluation,STRESS,2022-08-17,2022-08-01,2022-08-01,0.022354314084747976,0.022354314084747973,0.022354314084747976,False,False
evaluation,STRESS,2022-08-18,2022-08-01,2022-08-01,0.02897102513375737,0.028971025133757364,0.02897102513375737,False,False
evaluation,STRESS,2022-08-19,2022-08-01,2022-08-01,0.03491613472873495,0.034916134728734956,0.03491613472873495,False,False
evaluation,STRESS,2022-08-22,2022-08-01,2022-08-01,0.028183346668039684,0.02818334666803969,0.028183346668039684,False,False
evaluation,STRESS,2022-08-23,2022-08-01,2022-08-01,0.031143622504330608,0.0311436225043306,0.031143622504330608,False,False
evaluation,STRESS,2022-08-24,2022-08-01,2022-08-01,0.04713202919948251,0.047132029199482506,0.04713202919948251,False,False
evaluation,STRESS,2022-08-25,2022-08-01,2022-08-01,0.03890233359868678,0.038902333598686785,0.03890233359868678,False,False
evaluation,STRESS,2022-08-26,2022-08-01,2022-08-01,0.03862274214976515,0.03862274214976516,0.03862274214976515,False,False
evaluation,STRESS,2022-08-29,2022-08-01,2022-08-01,0.04399597603031439,0.04399597603031439,0.04399597603031439,False,False
evaluation,STRESS,2022-08-30,2022-08-01,2022-08-01,0.04419351828542027,0.044193518285420265,0.04419351828542027,False,False
evaluation,STRESS,2022-08-31,2022-08-01,2022-08-01,0.042912873449954786,0.04291287344995479,0.042912873449954786,False,False
evaluation,STRESS,2024-02-19,2024-02-01,2024-02-01,0.020386560843497332,0.02038656084349734,0.020386560843497332,False,False
evaluation,STRESS,2024-02-20,2024-02-01,2024-02-01,0.01514797003602608,0.015147970036026076,0.01514797003602608,False,False
evaluation,STRESS,2024-02-21,2024-02-01,2024-02-01,0.0037622391773438155,0.0037622391773438155,0.0037622391773438155,False,False
evaluation,STRESS,2024-06-18,2024-06-03,2024-06-03,0.01174330354547478,0.01174330354547478,0.01174330354547478,False,False
evaluation,STRESS,2024-06-19,2024-06-03,2024-06-03,0.011960053320422374,0.011960053320422374,0.011960053320422374,False,False
evaluation,STRESS,2024-06-20,2024-06-03,2024-06-03,0.016322155570541456,0.01632215557054146,0.016322155570541456,False,False
evaluation,STRESS,2024-06-21,2024-06-03,2024-06-03,0.016349401734653237,0.016349401734653234,0.016349401734653237,False,False
evaluation,STRESS,2024-06-24,2024-06-03,2024-06-03,0.019356328961270538,0.01935632896127053,0.019356328961270538,False,False
evaluation,STRESS,2024-06-25,2024-06-03,2024-06-03,0.0240073795345587,0.0240073795345587,0.0240073795345587,False,False
evaluation,STRESS,2024-06-26,2024-06-03,2024-06-03,0.01778534228314195,0.017785342283141947,0.01778534228314195,False,False
evaluation,STRESS,2024-06-27,2024-06-03,2024-06-03,0.022034071636804455,0.02203407163680445,0.022034071636804455,False,False
evaluation,STRESS,2024-06-28,2024-06-03,2024-06-03,0.019591252592460525,0.019591252592460525,0.019591252592460525,False,False
evaluation,STRESS,2024-07-01,2024-06-03,2024-07-01,0.015411268122848733,0.015411268122848733,0.015411268122848733,False,False
evaluation,STRESS,2024-07-02,2024-06-03,2024-07-01,0.016220058404546912,0.016220058404546912,0.016220058404546912,False,False
evaluation,STRESS,2024-07-03,2024-06-03,2024-07-01,0.01740838990891015,0.017408389908910145,0.01740838990891015,False,False
evaluation,STRESS,2024-07-04,2024-06-03,2024-07-01,0.020768955466622076,0.020768955466622076,0.020768955466622076,False,False
evaluation,STRESS,2024-07-05,2024-06-03,2024-07-01,0.024790794870731953,0.024790794870731953,0.024790794870731953,False,False
evaluation,STRESS,2024-07-08,2024-06-03,2024-07-01,0.030499836874464083,0.03049983687446409,0.030499836874464083,False,False
evaluation,STRESS,2024-07-09,2024-06-03,2024-07-01,0.020669156687357814,0.020669156687357814,0.020669156687357814,False,False
evaluation,STRESS,2024-07-10,2024-06-03,2024-07-01,0.02242599539396675,0.02242599539396675,0.02242599539396675,False,False
evaluation,STRESS,2024-07-11,2024-06-03,2024-07-01,0.010462731408776241,0.010462731408776241,0.010462731408776241,False,False
evaluation,STRESS,2024-07-12,2024-06-03,2024-07-01,0.007760683327016474,0.007760683327016474,0.007760683327016474,False,False
evaluation,STRESS,2024-07-15,2024-06-03,2024-07-01,0.0056617370624824186,0.0056617370624824186,0.0056617370624824186,False,False
evaluation,STRESS,2024-07-16,2024-06-03,2024-07-01,-0.0007830404112918622,-0.0007830404112918622,-0.0007830404112918622,False,False
evaluation,STRESS,2024-08-02,2024-08-01,2024-08-01,0.023277981587089297,0.023277981587089297,0.023277981587089297,False,False
evaluation,STRESS,2024-08-27,2024-08-01,2024-08-01,0.028568417146340494,0.028568417146340494,0.028568417146340494,False,False
evaluation,STRESS,2024-08-28,2024-08-01,2024-08-01,0.03362594931071664,0.03362594931071664,0.03362594931071664,False,False
evaluation,STRESS,2024-08-29,2024-08-01,2024-08-01,0.035748431669833707,0.035748431669833707,0.035748431669833707,False,False
evaluation,STRESS,2024-08-30,2024-08-01,2024-08-01,0.023367533686039423,0.023367533686039423,0.023367533686039423,False,False
evaluation,STRESS,2024-09-02,2024-08-01,2024-09-02,0.03882527481633001,0.03882527481633001,0.03882527481633001,False,False
evaluation,STRESS,2024-09-03,2024-08-01,2024-09-02,0.03535849305892832,0.035358493058928325,0.03535849305892832,False,False
evaluation,STRESS,2024-09-04,2024-08-01,2024-09-02,0.04060600840119148,0.040606008401191475,0.04060600840119148,False,False
evaluation,STRESS,2024-09-05,2024-08-01,2024-09-02,0.03849203830127698,0.03849203830127698,0.03849203830127698,False,False
evaluation,STRESS,2024-09-06,2024-08-01,2024-09-02,0.04551196132754434,0.04551196132754435,0.04551196132754434,False,False
evaluation,STRESS,2024-09-09,2024-08-01,2024-09-02,0.05622548469711905,0.05622548469711905,0.05622548469711905,False,False
evaluation,STRESS,2024-09-10,2024-08-01,2024-09-02,0.05592898484025298,0.05592898484025298,0.05592898484025298,False,False
evaluation,STRESS,2024-09-25,2024-09-02,2024-09-02,0.02119435240669635,0.02119435240669635,0.02119435240669635,False,False
evaluation,STRESS,2024-09-26,2024-09-02,2024-09-02,-0.015570357713789847,-0.015570357713789847,-0.015570357713789847,False,False
evaluation,STRESS,2025-04-10,2025-04-01,2025-04-01,0.031343449402774885,0.031343449402774885,0.031343449402774885,False,False
evaluation,STRESS,2025-04-11,2025-04-01,2025-04-01,0.02533397707452332,0.02533397707452331,0.02533397707452332,False,False
evaluation,STRESS,2025-04-14,2025-04-01,2025-04-01,0.017179912688295683,0.017179912688295676,0.017179912688295683,False,False
evaluation,STRESS,2025-04-15,2025-04-01,2025-04-01,0.015670816034614773,0.015670816034614773,0.015670816034614773,False,False
evaluation,STRESS,2025-04-16,2025-04-01,2025-04-01,0.013347485218263459,0.013347485218263459,0.013347485218263459,False,False
evaluation,STRESS,2025-04-17,2025-04-01,2025-04-01,0.013160656803834537,0.013160656803834533,0.013160656803834537,False,False
evaluation,STRESS,2025-04-18,2025-04-01,2025-04-01,0.009794918364486333,0.009794918364486333,0.009794918364486333,False,False
evaluation,STRESS,2025-04-21,2025-04-01,2025-04-01,0.00798081898212773,0.007980818982127734,0.00798081898212773,False,False
evaluation,STRESS,2025-06-03,2025-06-03,2025-06-03,0.02299110596571672,0.02299110596571672,0.02299110596571672,False,False
evaluation,STRESS,2025-06-04,2025-06-03,2025-06-03,0.01664982984152539,0.016649829841525382,0.01664982984152539,False,False
evaluation,STRESS,2025-06-05,2025-06-03,2025-06-03,0.012770914153364493,0.012770914153364489,0.012770914153364493,False,False
evaluation,STRESS,2025-06-06,2025-06-03,2025-06-03,0.01172300186397485,0.01172300186397485,0.01172300186397485,False,False
evaluation,STRESS,2025-06-09,2025-06-03,2025-06-03,0.008283890175426783,0.008283890175426786,0.008283890175426783,False,False
evaluation,STRESS,2025-06-10,2025-06-03,2025-06-03,0.013798195930915413,0.013798195930915413,0.013798195930915413,False,False
evaluation,STRESS,2025-06-11,2025-06-03,2025-06-03,0.0053546657420950675,0.005354665742095064,0.0053546657420950675,False,False
evaluation,STRESS,2025-06-12,2025-06-03,2025-06-03,0.005454643057877993,0.005454643057877993,0.005454643057877993,False,False
evaluation,STRESS,2025-06-13,2025-06-03,2025-06-03,0.010955345922302271,0.010955345922302271,0.010955345922302271,False,False
evaluation,STRESS,2025-06-16,2025-06-03,2025-06-03,0.007704981582880289,0.007704981582880289,0.007704981582880289,False,False
evaluation,STRESS,2025-06-17,2025-06-03,2025-06-03,0.00674627942453462,0.00674627942453462,0.00674627942453462,False,False
evaluation,STRESS,2025-06-18,2025-06-03,2025-06-03,0.006517595732308919,0.006517595732308919,0.006517595732308919,False,False
evaluation,STRESS,2025-06-20,2025-06-03,2025-06-03,0.011611996505973037,0.011611996505973037,0.011611996505973037,False,False
evaluation,STRESS,2025-06-23,2025-06-03,2025-06-03,0.007793110690901588,0.007793110690901585,0.007793110690901588,False,False
evaluation,STRESS,2025-06-24,2025-06-03,2025-06-03,-0.004048518279608513,-0.004048518279608513,-0.004048518279608513,False,False
evaluation,STRESS,2025-12-19,2025-12-01,2025-12-01,0.028527933815441563,0.028527933815441563,0.028527933815441563,False,False
evaluation,STRESS,2025-12-22,2025-12-01,2025-12-01,0.017206273116126422,0.017206273116126426,0.017206273116126422,False,False
evaluation,STRESS,2025-12-23,2025-12-01,2025-12-01,0.013109288174355225,0.013109288174355225,0.013109288174355225,False,False
evaluation,STRESS,2025-12-24,2025-12-01,2025-12-01,0.010268495043659592,0.010268495043659589,0.010268495043659592,False,False
evaluation,STRESS,2025-12-25,2025-12-01,2025-12-01,0.006895851673689187,0.00689585167368919,0.006895851673689187,False,False
evaluation,STRESS,2025-12-26,2025-12-01,2025-12-01,0.003143498034052109,0.003143498034052109,0.003143498034052109,False,False
evaluation,STRESS,2025-12-29,2025-12-01,2025-12-01,0.008391152255167404,0.008391152255167404,0.008391152255167404,False,False
evaluation,STRESS,2025-12-30,2025-12-01,2025-12-01,0.005617030202820007,0.005617030202820005,0.005617030202820007,False,False
evaluation,STRESS,2025-12-31,2025-12-01,2025-12-01,0.00947002499769993,0.00947002499769993,0.00947002499769993,False,False
evaluation,STRESS,2026-01-05,2025-12-01,2026-01-05,-0.009230691164087434,-0.009230691164087434,-0.009230691164087434,False,False
evaluation,STRESS,2026-01-06,2025-12-01,2026-01-05,-0.022896820543050356,-0.022896820543050356,-0.022896820543050356,False,False
evaluation,STRESS,2026-01-16,2026-01-05,2026-01-05,0.03403000882412832,0.03403000882412833,0.03403000882412832,False,False
evaluation,STRESS,2026-01-19,2026-01-05,2026-01-05,0.031003104567606275,0.03100310456760629,0.031003104567606275,False,False
evaluation,STRESS,2026-01-20,2026-01-05,2026-01-05,0.031800937622829234,0.031800937622829234,0.031800937622829234,False,False
evaluation,STRESS,2026-01-21,2026-01-05,2026-01-05,0.02910420754667906,0.02910420754667906,0.02910420754667906,False,False
evaluation,STRESS,2026-01-22,2026-01-05,2026-01-05,0.02878449050576992,0.02878449050576991,0.02878449050576992,False,False
evaluation,STRESS,2026-01-23,2026-01-05,2026-01-05,0.0324726380368318,0.032472638036831813,0.0324726380368318,False,False
evaluation,STRESS,2026-01-26,2026-01-05,2026-01-05,0.030079513109493115,0.030079513109493115,0.030079513109493115,False,False
evaluation,STRESS,2026-01-27,2026-01-05,2026-01-05,0.02978691720884918,0.029786917208849174,0.02978691720884918,False,False
evaluation,STRESS,2026-01-28,2026-01-05,2026-01-05,0.0259978276472559,0.0259978276472559,0.0259978276472559,False,False
evaluation,STRESS,2026-01-29,2026-01-05,2026-01-05,0.016325842171924503,0.0163258421719245,0.016325842171924503,False,False
evaluation,STRESS,2026-01-30,2026-01-05,2026-01-05,0.026906095495095827,0.026906095495095834,0.026906095495095827,False,False
evaluation,STRESS,2026-02-02,2026-01-05,2026-02-02,0.050557283283666356,0.04980528505740056,0.049805285057400575,True,False
evaluation,STRESS,2026-05-06,2026-05-06,2026-05-06,0.010472392741716893,0.0104723927417169,0.010472392741716893,False,False
evaluation,STRESS,2026-05-07,2026-05-06,2026-05-06,0.003275304868449411,0.003275304868449413,0.003275304868449411,False,False
evaluation,STRESS,2026-05-08,2026-05-06,2026-05-06,0.006266382846442323,0.006266382846442323,0.006266382846442323,False,False
evaluation,STRESS,2026-05-11,2026-05-06,2026-05-06,-0.005764089089378155,-0.005764089089378155,-0.005764089089378155,False,False
evaluation,STRESS,2026-05-12,2026-05-06,2026-05-06,-0.006405470287136252,-0.006405470287136251,-0.006405470287136252,False,False
evaluation,STRESS,2026-06-05,2026-06-01,2026-06-01,0.03436407191874247,0.03436407191874247,0.03436407191874247,False,False
evaluation,STRESS,2026-06-08,2026-06-01,2026-06-01,0.052673447078027846,0.052673447078027846,0.052673447078027846,False,False
evaluation,STRESS,2026-06-09,2026-06-01,2026-06-01,0.03328269374134854,0.033282693741348526,0.03328269374134854,False,False
evaluation,STRESS,2026-06-10,2026-06-01,2026-06-01,0.041655477585939044,0.041655477585939044,0.041655477585939044,False,False
evaluation,STRESS,2026-06-11,2026-06-01,2026-06-01,0.045956260886296604,0.04595626088629659,0.045956260886296604,False,False
evaluation,STRESS,2026-06-12,2026-06-01,2026-06-01,0.028784585472322165,0.028784585472322165,0.028784585472322165,False,False
evaluation,STRESS,2026-06-15,2026-06-01,2026-06-01,0.004458999392921853,0.004458999392921853,0.004458999392921853,False,False
evaluation,STRESS,2026-06-16,2026-06-01,2026-06-01,0.007368061826312194,0.007368061826312191,0.007368061826312194,False,False
evaluation,STRESS,2026-06-17,2026-06-01,2026-06-01,-0.0028287218252210098,-0.0028287218252210106,-0.0028287218252210098,False,False
evaluation,STRESS,2026-06-18,2026-06-01,2026-06-01,-0.008919147597045212,-0.008919147597045212,-0.008919147597045212,False,False
evaluation,STRESS,2026-07-23,2026-07-01,2026-07-01,0.023664929855177045,0.023664929855177045,0.023664929855177045,False,False
evaluation,STRESS,2026-07-24,2026-07-01,2026-07-01,0.03464427126600203,0.034644271266002016,0.03464427126600203,False,False
evaluation,STRESS,2026-07-27,2026-07-01,2026-07-01,0.023375737805828623,0.023375737805828623,0.023375737805828623,False,False
evaluation,STRESS,2026-07-28,2026-07-01,2026-07-01,0.05106531701193105,0.051065317011931066,0.05106531701193105,False,False
evaluation,STRESS,2026-07-29,2026-07-01,2026-07-01,0.04269417436912744,0.04269417436912744,0.04269417436912744,False,False
evaluation,STRESS,2026-08-06,2026-07-01,2026-08-03,0.02369497957523307,0.024227380075937353,0.024227380075937353,True,False
evaluation,STRESS,2026-08-07,2026-07-01,2026-08-03,0.014483450370990424,0.015136978062440149,0.015136978062440146,True,False
evaluation,STRESS,2026-08-10,2026-07-01,2026-08-03,0.010691356178169058,0.011322280786038672,0.011322280786038672,True,False
evaluation,STRESS,2026-08-11,2026-07-01,2026-08-03,0.019122545978852202,0.01972582199517308,0.01972582199517308,True,False
evaluation,STRESS,2026-08-12,2026-07-01,2026-08-03,0.015630464183543774,0.016340554245025177,0.016340554245025177,True,False
evaluation,STRESS,2026-08-13,2026-07-01,2026-08-03,0.018499552232995875,0.019180470819658943,0.019180470819658946,True,False
earlier_diagnostic,BASE,2017-05-18,2017-05-02,2017-05-02,0.11390808748594118,0.11390808748594118,0.11390808748594118,False,False
earlier_diagnostic,BASE,2017-05-19,2017-05-02,2017-05-02,0.10973159611208014,0.10973159611208014,0.10973159611208014,False,False
earlier_diagnostic,BASE,2017-05-22,2017-05-02,2017-05-02,0.1062325839524573,0.1062325839524573,0.1062325839524573,False,False
earlier_diagnostic,BASE,2017-05-23,2017-05-02,2017-05-02,0.09761145009166114,0.09761145009166115,0.09761145009166114,False,False
earlier_diagnostic,BASE,2017-05-24,2017-05-02,2017-05-02,0.09643932095425645,0.09643932095425646,0.09643932095425645,False,False
earlier_diagnostic,BASE,2017-05-25,2017-05-02,2017-05-02,0.0742686661941085,0.07426866619410849,0.0742686661941085,False,False
earlier_diagnostic,BASE,2017-05-26,2017-05-02,2017-05-02,0.07456546354263446,0.07456546354263448,0.07456546354263446,False,False
earlier_diagnostic,BASE,2017-05-31,2017-05-02,2017-05-02,0.07201854101861523,0.07201854101861523,0.07201854101861523,False,False
earlier_diagnostic,BASE,2017-06-01,2017-05-02,2017-06-01,0.06855107651573088,0.05843859465118524,0.05843859465118524,True,False
earlier_diagnostic,BASE,2017-06-02,2017-05-02,2017-06-01,0.06871887894220274,0.05871385065576647,0.05871385065576648,True,False
earlier_diagnostic,BASE,2017-06-05,2017-05-02,2017-06-01,0.07293967111797248,0.06304266735628389,0.0630426673562839,True,False
earlier_diagnostic,BASE,2017-06-06,2017-05-02,2017-06-01,0.06385037160276685,0.05403198884212096,0.05403198884212096,True,False
earlier_diagnostic,BASE,2017-06-07,2017-05-02,2017-06-01,0.04796365126655953,0.03806559519450241,0.03806559519450241,True,False
earlier_diagnostic,BASE,2017-06-08,2017-05-02,2017-06-01,0.040614953015032,0.0306998644753369,0.0306998644753369,True,False
earlier_diagnostic,BASE,2017-06-09,2017-05-02,2017-06-01,0.033144996832741164,0.023209025260519066,0.023209025260519066,True,False
earlier_diagnostic,BASE,2017-06-12,2017-05-02,2017-06-01,0.035374224619514665,0.025520334648943613,0.025520334648943613,True,False
earlier_diagnostic,BASE,2017-06-13,2017-05-02,2017-06-01,0.03509572229497601,0.025291861758668023,0.025291861758668023,True,False
earlier_diagnostic,BASE,2017-06-14,2017-05-02,2017-06-01,0.04452390210945132,0.03483287012457056,0.03483287012457055,True,False
earlier_diagnostic,BASE,2017-06-15,2017-05-02,2017-06-01,0.04998089739867263,0.040329676149549055,0.040329676149549055,True,False
earlier_diagnostic,BASE,2017-06-16,2017-05-02,2017-06-01,0.049687842574674075,0.04007928526874863,0.04007928526874863,True,False
earlier_diagnostic,BASE,2017-06-19,2017-05-02,2017-06-01,0.038156912921233306,0.02859642442626713,0.028596424426267135,True,False
earlier_diagnostic,BASE,2017-06-20,2017-05-02,2017-06-01,0.04094571497592796,0.03144833687866483,0.03144833687866483,True,False
earlier_diagnostic,BASE,2017-06-21,2017-05-02,2017-06-01,0.02879726976195851,0.019288721955981563,0.019288721955981563,True,False
earlier_diagnostic,BASE,2017-06-22,2017-05-02,2017-06-01,0.028364639850392944,0.018888425785308458,0.018888425785308458,True,False
earlier_diagnostic,BASE,2017-06-23,2017-05-02,2017-06-01,0.018406218528799208,0.00884822694095782,0.008848226940957818,True,False
earlier_diagnostic,BASE,2017-06-26,2017-05-02,2017-06-01,0.011236408791595365,0.0014693813753589163,0.0014693813753589146,True,False
earlier_diagnostic,BASE,2017-06-27,2017-05-02,2017-06-01,0.01006209560059589,0.00032780260997923236,0.0003278026099792306,True,False
earlier_diagnostic,BASE,2017-06-28,2017-05-02,2017-06-01,0.016231473258015827,0.006569488580489467,0.006569488580489469,True,False
earlier_diagnostic,BASE,2017-06-29,2017-05-02,2017-06-01,0.011083354830452858,0.0014503363341629681,0.0014503363341629646,True,False
earlier_diagnostic,BASE,2017-06-30,2017-05-02,2017-06-01,0.011935226555895124,0.002337825353232355,0.0023378253532323565,True,False
earlier_diagnostic,BASE,2017-07-03,2017-05-02,2017-07-03,0.014426994898896369,0.004862080225428944,0.004862080225428944,True,False
earlier_diagnostic,BASE,2017-07-04,2017-05-02,2017-07-03,0.023391563000202367,0.01389993897698246,0.01389993897698246,True,False
earlier_diagnostic,BASE,2017-07-05,2017-05-02,2017-07-03,0.014583320781914294,0.005094096353498901,0.005094096353498903,True,False
earlier_diagnostic,BASE,2017-07-06,2017-05-02,2017-07-03,0.01689085086064603,0.007426951118530855,0.007426951118530855,True,False
earlier_diagnostic,BASE,2017-07-07,2017-05-02,2017-07-03,0.01866139452650676,0.00922603890051728,0.009226038900517278,True,False
earlier_diagnostic,BASE,2017-07-10,2017-05-02,2017-07-03,0.017027738524044257,0.007622281486210211,0.007622281486210211,True,False
earlier_diagnostic,BASE,2017-07-11,2017-05-02,2017-07-03,0.009215122589914075,-0.00023146621186366859,-0.00023146621186367206,True,True
earlier_diagnostic,BASE,2018-10-09,2018-10-08,2018-10-08,0.09976300563571544,0.09976300563571543,0.09976300563571544,False,False
earlier_diagnostic,BASE,2018-10-10,2018-10-08,2018-10-08,0.09967595838865542,0.09967595838865542,0.09967595838865542,False,False
earlier_diagnostic,BASE,2018-10-11,2018-10-08,2018-10-08,0.13620592921934568,0.1362059292193457,0.13620592921934568,False,False
earlier_diagnostic,BASE,2018-10-12,2018-10-08,2018-10-08,0.11720633450528707,0.11720633450528707,0.11720633450528707,False,False
earlier_diagnostic,BASE,2018-10-15,2018-10-08,2018-10-08,0.12871483191331518,0.1287148319133152,0.12871483191331518,False,False
earlier_diagnostic,BASE,2018-10-16,2018-10-08,2018-10-08,0.12976112778390078,0.12976112778390078,0.12976112778390078,False,False
earlier_diagnostic,BASE,2018-10-17,2018-10-08,2018-10-08,0.12489834374322258,0.12489834374322256,0.12489834374322258,False,False
earlier_diagnostic,BASE,2019-02-28,2019-02-01,2019-02-01,0.022427985489280176,0.022427985489280176,0.022427985489280176,False,False
earlier_diagnostic,BASE,2019-03-01,2019-02-01,2019-03-01,0.0012823547447550383,0.0012823547447550435,0.0012823547447550383,False,False
earlier_diagnostic,BASE,2019-03-04,2019-02-01,2019-03-01,-0.010952887759671345,-0.010952887759671345,-0.010952887759671345,False,False
earlier_diagnostic,BASE,2019-05-31,2019-05-06,2019-05-06,0.08584567249321085,0.08584567249321085,0.08584567249321085,False,False
earlier_diagnostic,BASE,2019-06-03,2019-05-06,2019-06-03,0.06990355533811934,0.06803056937947585,0.06803056937947585,True,False
earlier_diagnostic,BASE,2019-06-04,2019-05-06,2019-06-03,0.07790317548085417,0.07576403529162785,0.07576403529162787,True,False
earlier_diagnostic,BASE,2019-06-05,2019-05-06,2019-06-03,0.0756346188415013,0.07378563998176904,0.07378563998176904,True,False
earlier_diagnostic,BASE,2019-06-06,2019-05-06,2019-06-03,0.07892547758179552,0.07749950893910998,0.07749950893910998,True,False
earlier_diagnostic,BASE,2019-06-10,2019-05-06,2019-06-03,0.07384253204566121,0.07110001607157701,0.07110001607157701,True,False
earlier_diagnostic,BASE,2019-06-11,2019-05-06,2019-06-03,0.03932544066400125,0.03740973664877486,0.03740973664877486,True,False
earlier_diagnostic,BASE,2019-06-12,2019-05-06,2019-06-03,0.044263899339306856,0.0425516463699867,0.04255164636998669,True,False
earlier_diagnostic,BASE,2019-06-13,2019-05-06,2019-06-03,0.05011330169344452,0.04766298078000971,0.04766298078000971,True,False
earlier_diagnostic,BASE,2019-06-14,2019-05-06,2019-06-03,0.05586413034024515,0.0533119425644478,0.0533119425644478,True,False
earlier_diagnostic,BASE,2019-06-17,2019-05-06,2019-06-03,0.05020093471079465,0.048133618448315915,0.048133618448315915,True,False
earlier_diagnostic,BASE,2019-06-18,2019-05-06,2019-06-03,0.04582569848041103,0.043986421878655105,0.043986421878655105,True,False
earlier_diagnostic,BASE,2019-06-19,2019-05-06,2019-06-03,0.034883332936796504,0.03253852932824143,0.03253852932824143,True,False
earlier_diagnostic,BASE,2019-06-20,2019-05-06,2019-06-03,0.0049279344108900365,0.003165221079055619,0.003165221079055618,True,False
earlier_diagnostic,BASE,2019-06-21,2019-05-06,2019-06-03,-0.00036611254143059657,-0.0017621429192960763,-0.0017621429192960772,True,False
earlier_diagnostic,STRESS,2017-05-18,2017-05-02,2017-05-02,0.1142751149564162,0.11427511495641618,0.1142751149564162,False,False
earlier_diagnostic,STRESS,2017-05-19,2017-05-02,2017-05-02,0.1101076892310023,0.11010768923100228,0.1101076892310023,False,False
earlier_diagnostic,STRESS,2017-05-22,2017-05-02,2017-05-02,0.10667116172425073,0.10667116172425073,0.10667116172425073,False,False
earlier_diagnostic,STRESS,2017-05-23,2017-05-02,2017-05-02,0.09805195992412326,0.09805195992412326,0.09805195992412326,False,False
earlier_diagnostic,STRESS,2017-05-24,2017-05-02,2017-05-02,0.09687983078671857,0.09687983078671857,0.09687983078671857,False,False
earlier_diagnostic,STRESS,2017-05-25,2017-05-02,2017-05-02,0.07471857872182502,0.07471857872182501,0.07471857872182502,False,False
earlier_diagnostic,STRESS,2017-05-26,2017-05-02,2017-05-02,0.07501460324608332,0.07501460324608332,0.07501460324608332,False,False
earlier_diagnostic,STRESS,2017-05-31,2017-05-02,2017-05-02,0.07246793833015334,0.07246793833015334,0.07246793833015334,False,False
earlier_diagnostic,STRESS,2017-06-01,2017-05-02,2017-06-01,0.0690015042596257,0.05889949094560944,0.05889949094560944,True,False
earlier_diagnostic,STRESS,2017-06-02,2017-05-02,2017-06-01,0.06916814744969622,0.05917356077156606,0.05917356077156606,True,False
earlier_diagnostic,STRESS,2017-06-05,2017-05-02,2017-06-01,0.07338597713244079,0.06349934612670996,0.06349934612670997,True,False
earlier_diagnostic,STRESS,2017-06-06,2017-05-02,2017-06-01,0.06430015532643886,0.05449222614842053,0.05449222614842053,True,False
earlier_diagnostic,STRESS,2017-06-07,2017-05-02,2017-06-01,0.04841961758437126,0.03853215878679912,0.03853215878679912,True,False
earlier_diagnostic,STRESS,2017-06-08,2017-05-02,2017-06-01,0.04107413943395817,0.03116972300825712,0.03116972300825712,True,False
earlier_diagnostic,STRESS,2017-06-09,2017-05-02,2017-06-01,0.03360701694064809,0.023681783341188044,0.023681783341188044,True,False
earlier_diagnostic,STRESS,2017-06-12,2017-05-02,2017-06-01,0.035835343099109504,0.025992170146237954,0.025992170146237954,True,False
earlier_diagnostic,STRESS,2017-06-13,2017-05-02,2017-06-01,0.03555774240288295,0.025764619839337,0.025764619839337,True,False
earlier_diagnostic,STRESS,2017-06-14,2017-05-02,2017-06-01,0.04498128527175342,0.03530088349074163,0.03530088349074163,True,False
earlier_diagnostic,STRESS,2017-06-15,2017-05-02,2017-06-01,0.05043673491243971,0.040796107944220755,0.040796107944220755,True,False
earlier_diagnostic,STRESS,2017-06-16,2017-05-02,2017-06-01,0.05014290726417382,0.04054492627767081,0.04054492627767081,True,False
earlier_diagnostic,STRESS,2017-06-19,2017-05-02,2017-06-01,0.038617129772516176,0.02906733734018697,0.02906733734018697,True,False
earlier_diagnostic,STRESS,2017-06-20,2017-05-02,2017-06-01,0.041404514982720436,0.03191780001871028,0.03191780001871028,True,False
earlier_diagnostic,STRESS,2017-06-21,2017-05-02,2017-06-01,0.029261865950756943,0.019764115989149303,0.0197641159891493,True,False
earlier_diagnostic,STRESS,2017-06-22,2017-05-02,2017-06-01,0.0288297512553698,0.01936434700897607,0.01936434700897607,True,False
earlier_diagnostic,STRESS,2017-06-23,2017-05-02,2017-06-01,0.01887583807533637,0.009328761081498447,0.009328761081498447,True,False
earlier_diagnostic,STRESS,2017-06-26,2017-05-02,2017-06-01,0.011711824520138588,0.001955846409021935,0.0019558464090219333,True,False
earlier_diagnostic,STRESS,2017-06-27,2017-05-02,2017-06-01,0.010537768937228261,0.0008145312388921268,0.0008145312388921268,True,False
earlier_diagnostic,STRESS,2017-06-28,2017-05-02,2017-06-01,0.016703926493533763,0.007052922268778853,0.007052922268778851,True,False
earlier_diagnostic,STRESS,2017-06-29,2017-05-02,2017-06-01,0.011558641754951434,0.0019366695702009735,0.0019366695702009717,True,False
earlier_diagnostic,STRESS,2017-06-30,2017-05-02,2017-06-01,0.012409740656126248,0.0028233678035207346,0.002823367803520731,True,False
earlier_diagnostic,STRESS,2017-07-03,2017-05-02,2017-07-03,0.014899448134414309,0.00534551391371833,0.00534551391371833,True,False
earlier_diagnostic,STRESS,2017-07-04,2017-05-02,2017-07-03,0.023860152114382912,0.014379418736523562,0.014379418736523564,True,False
earlier_diagnostic,STRESS,2017-07-05,2017-05-02,2017-07-03,0.015057963686190067,0.005579770601412293,0.005579770601412296,True,False
earlier_diagnostic,STRESS,2017-07-06,2017-05-02,2017-07-03,0.01736510735278813,0.007912229973569485,0.007912229973569487,True,False
earlier_diagnostic,STRESS,2017-07-07,2017-05-02,2017-07-03,0.019135393410559583,0.009711054160305911,0.009711054160305911,True,False
earlier_diagnostic,STRESS,2017-07-10,2017-05-02,2017-07-03,0.01750225262427538,0.00810782393649859,0.00810782393649859,True,False
earlier_diagnostic,STRESS,2017-07-11,2017-05-02,2017-07-03,0.009693500811482583,0.00025803016717298836,0.00025803016717298836,True,False
earlier_diagnostic,STRESS,2017-07-12,2017-05-02,2017-07-03,0.012995164187768287,0.0035784568863519942,0.0035784568863519977,True,False
earlier_diagnostic,STRESS,2017-07-13,2017-05-02,2017-07-03,0.0022361077015012124,-0.0072162382584953985,-0.007216238258495395,True,True
earlier_diagnostic,STRESS,2018-10-09,2018-10-08,2018-10-08,0.10014767695731869,0.10014767695731867,0.10014767695731869,False,False
earlier_diagnostic,STRESS,2018-10-10,2018-10-08,2018-10-08,0.10006039991854933,0.10006039991854933,0.10006039991854933,False,False
earlier_diagnostic,STRESS,2018-10-11,2018-10-08,2018-10-08,0.13657060866222764,0.13657060866222764,0.13657060866222764,False,False
earlier_diagnostic,STRESS,2018-10-12,2018-10-08,2018-10-08,0.11757779280359744,0.11757779280359744,0.11757779280359744,False,False
earlier_diagnostic,STRESS,2018-10-15,2018-10-08,2018-10-08,0.12908089010645377,0.12908089010645377,0.12908089010645377,False,False
earlier_diagnostic,STRESS,2018-10-16,2018-10-08,2018-10-08,0.1301247731640903,0.1301247731640903,0.1301247731640903,False,False
earlier_diagnostic,STRESS,2018-10-17,2018-10-08,2018-10-08,0.125263252977814,0.125263252977814,0.125263252977814,False,False
earlier_diagnostic,STRESS,2019-02-28,2019-02-01,2019-02-01,0.022799968820409834,0.022799968820409834,0.022799968820409834,False,False
earlier_diagnostic,STRESS,2019-03-01,2019-02-01,2019-03-01,0.0017412916816178141,0.0017412916816178115,0.0017412916816178141,False,False
earlier_diagnostic,STRESS,2019-03-04,2019-02-01,2019-03-01,-0.01048916255621193,-0.01048916255621193,-0.01048916255621193,False,False
earlier_diagnostic,STRESS,2019-05-31,2019-05-06,2019-05-06,0.08621925313122215,0.08621925313122214,0.08621925313122215,False,False
earlier_diagnostic,STRESS,2019-06-03,2019-05-06,2019-06-03,0.07027795884097204,0.06843655906493643,0.06843655906493643,True,False
earlier_diagnostic,STRESS,2019-06-04,2019-05-06,2019-06-03,0.07827418466623594,0.07616634430136858,0.07616634430136858,True,False
earlier_diagnostic,STRESS,2019-06-05,2019-05-06,2019-06-03,0.07600480516204156,0.07418705670648669,0.0741870567064867,True,False
earlier_diagnostic,STRESS,2019-06-06,2019-05-06,2019-06-03,0.07929247530107532,0.07789746805936366,0.07789746805936366,True,False
earlier_diagnostic,STRESS,2019-06-10,2019-05-06,2019-06-03,0.0742142612377793,0.07150310583071294,0.07150310583071293,True,False
earlier_diagnostic,STRESS,2019-06-11,2019-05-06,2019-06-03,0.03978891433459458,0.03788593260264184,0.03788593260264184,True,False
earlier_diagnostic,STRESS,2019-06-12,2019-05-06,2019-06-03,0.044723891050475334,0.04302426478516089,0.04302426478516088,True,False
earlier_diagnostic,STRESS,2019-06-13,2019-05-06,2019-06-03,0.05057242291475676,0.048134704810510666,0.04813470481051067,True,False
earlier_diagnostic,STRESS,2019-06-14,2019-05-06,2019-06-03,0.05632051573629493,0.05378085567169004,0.05378085567169004,True,False
earlier_diagnostic,STRESS,2019-06-17,2019-05-06,2019-06-03,0.05065769317392568,0.048602914863275254,0.048602914863275254,True,False
earlier_diagnostic,STRESS,2019-06-18,2019-05-06,2019-06-03,0.046283451789092045,0.04445674044752671,0.044456740447526705,True,False
earlier_diagnostic,STRESS,2019-06-19,2019-05-06,2019-06-03,0.03534780145293982,0.033015747436020676,0.033015747436020676,True,False
earlier_diagnostic,STRESS,2019-06-20,2019-05-06,2019-06-03,0.005405833341957844,0.0036562382646500267,0.003656238264650026,True,False
earlier_diagnostic,STRESS,2019-06-21,2019-05-06,2019-06-03,0.00011265687949345293,-0.0012702313490284365,-0.0012702313490284374,True,True
